timestamp_ms,read_bytes,written_bytes
0,10129408,962560
5010,14131200,15197347840
10000,14131200,15197347840
15003,14131200,15197347840
20004,149749760,15197347840
25005,283922432,15197347840
30004,686526464,15197347840
35001,1223344128,15197347840
40005,2296172544,15197347840
45005,3235409920,16271093760
50005,4442386432,16271093760
55001,5917298688,16271093760
60005,7124258816,17199583232
65005,8465838080,17199583232
70005,9404907520,18623098880
75004,10745638912,18900672512
80005,11684700160,19756867584
85005,13025583104,19871768576
90001,14366064640,19871768576
95005,15732867072,22105755648
100001,17232941056,22144942080
105004,18313879552,22792339456
110005,19929452544,22792339456
115005,21079969792,24222371840
120004,22745825280,24613752832
125000,24086659072,25639456768
130005,25694801920,25639456768
135005,27105538048,26843336704
140000,29213618176,28252856320
145005,30884089856,29408796672
150005,32290619392,30399737856
155005,33980203008,30463320064
160005,35598823424,32524750848
165005,37590659072,33039962112
170004,38918266880,34230693888
175003,40797970432,34230693888
180005,42216288256,36949762048
185005,44469997568,38309793792
190002,46172798976,39636037632
195005,48204017664,40185999360
200005,49923264512,41017147392
205005,51941277696,41549996032
210002,53727588352,43700641792
215005,55496208384,44231774208
220004,56991895552,46077849600
225004,58934153216,47318032384
230005,60904067072,48959512576
235000,62496698368,49921458176
240005,64483123200,51336388608
245003,66369462272,52643467264
250005,68400582656,53860003840
255000,70509891584,55250526208
260005,72481583104,55685447680
265001,74210803712,57980694528
270005,76209364992,58493480960
275000,77493305344,60114944000
280000,79373631488,60836315136
285005,81056579584,62771093504
290004,83043094528,63279435776
295005,84952301568,64474591232
300004,87269376000,64504254464
305002,88938409984,66671493120
310004,91092131840,68242026496
315000,92967948288,68753502208
320000,94780649472,69812015104
325009,97054842880,69812015104
330008,98897981440,71915421696
335000,101333004288,72619388928
340000,102617030656,74337955840
345010,104914665472,75133251584
350010,106473771008,76111876096
355002,109308399616,78783668224
360010,111782797312,79882149888
365010,114048741376,81371693056
370010,116116783104,82097741824
375000,117617692672,82504024064
380005,119851012096,84620345344
385009,121933545472,85527416832
390010,123959750656,87297949696
395008,126107951104,88168984576
400008,128167145472,88883236864
405008,130408103936,91630878720
410010,133180260352,92868067328
415010,135401009152,93660180480
420010,137379454976,95195492352
425001,139780448256,95915081728
430008,141912784896,97744113664
435009,143887835136,98973827072
440010,146509758464,99527118848
445010,148776783872,101724745728
450010,151003217920,102456053760
455004,152816807936,105076334592
460009,155975536640,106625679360
465008,159239061504,107770392576
470010,162331607040,108302401536
475010,164349276160,109936160768
480010,167066279936,110633287680
485010,168973086720,112520822784
490009,171656564736,113779929088
495003,175105073152,114609127424
500010,177393750016,116123602944
505003,179904372736,116962684928
510010,182482706432,116962684928
515001,184620494848,118796267520
520010,187660627968,120123961344
525010,189932113920,120301232128
530010,191882051584,121662402560
535010,194123669504,121662402560
540010,195924475904,121662402560
545009,198164234240,123256811520
550010,199548391424,123372232704
555010,201311444992,124708487168
560010,203605700608,125816283136
565002,205531099136,125816283136
570010,207318302720,127898955776
575000,209992990720,128774664192
580009,211905847296,128865693696
585007,213339971584,130606006272
590009,215611019264,130848145408
595009,217326510080,132237168640
600009,219586048000,133287100416
605010,221866340352,133676380160
610007,223791161344,135354740736
615009,225931481088,136383287296
620010,228084498432,136738762752
625010,230253953024,138925805568
630002,232745680896,140162916352
635008,235268857856,140543524864
640004,236968493056,142477451264
645007,239455686656,143446712320
650010,242007556096,143640383488
655007,243039518720,145370189824
660010,246142619648,146572701696
665000,248290787328,146995003392
670010,251006394368,147165679616
675001,252912050176,149171494912
680008,255542788096,149956517888
685010,257740783616,150009528320
690009,259591421952,150055002112
695001,262049980416,152377733120
700010,264526663680,152937123840
705008,266613346304,153283698688
710001,268019470336,153686884352
715010,270185586688,155342315520
720010,271874863104,155396407296
725000,273962786816,155406716928
730010,275983466496,158140850176
735006,278180388864,159573012480
740010,280709926912,159862530048
745009,282275016704,161118081024
750010,284290953216,161118081024
755010,287086407680,161118081024
760007,289326624768,162788347904
765001,292395794432,164975296512
770010,294784176128,165670076416
775010,297478426624,165670076416
780008,299497385984,167108128768
785010,302126542848,167328874496
790009,304540192768,167328874496
795007,306316615680,169098637312
800008,309148360704,171183169536
805010,311812665344,172171542528
810000,314291187712,172484476928
815009,316456067072,173765353472
820010,319055495168,173765353472
825008,321033547776,175149682688
830009,323871723520,177408053248
835009,327156989952,178321387520
840008,330209742848,178444099584
845010,332471037952,179897376768
850010,335616458752,179974713344
855002,337740754944,179974713344
860003,340244357120,182700437504
865010,343406526464,184619847680
870010,346712862720,185302253568
875007,349430857728,185569153024
880002,352358445056,186712883200
885010,355015335936,186712883200
890003,358082121728,186712883200
895006,360486666240,189242994688
900008,364342538240,191095947264
905000,368359112704,191593803776
910008,370953863168,191809265664
915010,373512638464,193130647552
920001,376377225216,193130647552
925010,378624819200,194564235264
930008,382630367232,196687257600
935003,386152181760,198358044672
940010,389924462592,198544351232
945003,392327581696,199651672064
950010,395650224128,199651672064
955010,398907764736,199651672064
960010,401826856960,201750614016
965009,405057056768,203822899200
970010,408421068800,204765073408
975010,411987677184,204765073408
980008,414908686336,206169939968
985002,417580187648,206169939968
990010,420850593792,206381162496
995001,423665594368,209420267520
1000001,427206533120,211356807168
1005003,430927724544,211810869248
1010010,434299740160,213007519744
1015010,437241851904,213385342976
1020003,439994454016,213385342976
1025002,443212337152,213399109632
1030002,445871886336,216493862912
1035003,449730146304,218201219072
1040010,453314125824,218721423360
1045010,456532430848,219185926144
1050010,459912724480,220214063104
1055002,463031607296,220214063104
1060010,465938063360,220214063104
1065008,468744482816,222888775680
1070010,471871741952,224919007232
1075010,475584462848,225833631744
1080010,478787072000,225833631744
1085009,481139433472,227548475392
1090002,483896799232,227548475392
1095002,486832693248,227548475392
1100010,489265598464,229446127616
1105002,492665282560,231541604352
1110010,496339283968,232859815936
1115006,499960832000,232859815936
1120010,502604787712,234248810496
1125010,505894973440,234363039744
1130002,508693200896,234363039744
1135010,511019237376,236596961280
1140008,514788003840,238629945344
1145006,518842396672,240052604928
1150010,522450231296,240788660224
1155010,525820280832,242089975808
1160010,529532846080,242104479744
1165010,532971991040,242104479744
1170002,535849660416,243883208704
1175007,539347734528,245979226112
1180001,543520997376,247455834112
1185009,547889086464,247637000192
1190004,551140556800,247907479552
1195000,554808958976,249071648768
1200008,558198583296,249071648768
1205001,561153859584,249071648768
1210005,563887341568,251456770048
1215005,566803533824,253267206144
1220005,571024003072,254623174656
1225005,574419841024,255339163648
1230005,578438025216,255339163648
1235004,581416804352,256780976128
1240004,584605515776,256780976128
1245005,588088270848,256780976128
1250000,591890173952,256828469248
1255005,594807209984,259754508288
1260005,598283866112,261432991744
1265004,602583150592,262376660992
1270005,607240867840,262376660992
1275005,610453712896,262686101504
1280005,614465331200,263921135616
1285005,618408574976,263921135616
1290004,622399016960,263921135616
1295005,625401974784,265270427648
1300003,629339009024,267289743360
1302425,631220150272,268059303936
