timestamp_ms,user_ms,system_ms
0,8,16
5010,76,279
10010,76,279
15009,4345,22776
20009,12408,70221
25009,21069,117484
30010,30047,164503
35009,38804,211423
40009,47663,258249
45010,59004,296912
50010,69272,340466
55001,81122,380562
60009,91652,421293
65010,103974,459861
70010,116643,497106
75010,129586,532378
80009,141477,570774
85010,159237,602478
90010,170157,644440
95010,183133,680216
100009,194433,721212
105010,208534,755941
110010,223036,789237
115009,235948,825570
120009,254828,854770
125010,268477,890021
130009,282431,920628
135009,297307,950898
140009,311028,986150
145003,325687,1017020
150010,344718,1044534
155010,359602,1078375
160004,374781,1106847
165010,391704,1133768
170010,407562,1160667
175008,425169,1187511
180010,450013,1212578
185010,466843,1238230
190010,484884,1262894
195007,504197,1286061
200010,522398,1313323
205010,547098,1333509
210010,565036,1356674
215005,584174,1379450
220009,605597,1398818
225009,613834,1408555
230005,639778,1423796
235009,659702,1441283
240010,678835,1463075
245010,703801,1482952
250010,724301,1504708
255010,750197,1521729
260009,772081,1540056
265010,791384,1560751
270010,813818,1580320
275010,836646,1600294
280000,861775,1618504
285010,883003,1635745
290005,904105,1653881
295000,926158,1670824
300010,951698,1686241
305009,974182,1703362
310010,995536,1722193
315015,1014495,1741206
320009,1034218,1758632
325010,1060668,1773287
330010,1081987,1789938
335010,1103711,1807191
340010,1124476,1824169
345008,1145346,1838699
350010,1171042,1853716
355010,1190782,1871267
360010,1212394,1888485
365010,1234092,1905939
370004,1258242,1921386
375008,1281918,1934634
380010,1301760,1952369
385009,1322928,1968691
390009,1345836,1985225
395010,1369783,2000763
400000,1394705,2012494
405006,1414442,2026781
410009,1435071,2042161
415007,1457870,2057486
420009,1479536,2073488
425009,1504716,2085167
430010,1526288,2097484
435000,1543884,2115250
440010,1567718,2129752
445009,1589975,2144994
450002,1614410,2157838
455009,1630198,2165359
460010,1652342,2179545
465009,1671327,2193417
470009,1692720,2209454
475010,1715777,2223542
480000,1740220,2235522
485005,1762162,2247760
490001,1782662,2261418
495008,1803081,2274060
500002,1825247,2288152
505010,1845290,2303010
510009,1870684,2312982
515010,1891350,2325084
520010,1911972,2339498
525010,1932877,2352521
530010,1954596,2368057
535009,1975851,2384931
540010,2000119,2397908
545010,2021745,2414744
550010,2042111,2432357
555008,2064825,2445531
560009,2085303,2459483
565010,2106120,2475900
570009,2133107,2487917
575010,2155124,2503226
580009,2174569,2519812
585000,2196528,2532244
590010,2218430,2546207
595003,2241460,2562140
600010,2268351,2573305
605008,2289887,2585707
610000,2311154,2599488
615010,2333726,2612348
620010,2347354,2620706
625010,2370796,2634054
630009,2392596,2648968
635010,2423352,2661011
640002,2448772,2674465
645008,2469095,2688870
650010,2493632,2702451
655010,2516882,2716974
660005,2540386,2730139
665010,2566530,2743933
670009,2595314,2757510
675010,2618424,2771420
680009,2640066,2789421
685010,2664298,2805073
690007,2691301,2823183
695006,2715689,2839051
700010,2739098,2857394
705010,2764313,2871448
710003,2791581,2886242
715010,2814935,2901602
720010,2834894,2918982
725000,2856829,2935105
730009,2878847,2951367
735010,2901041,2965660
740010,2924577,2980667
745006,2949100,2992230
750010,2969268,3008616
755009,2989296,3026193
760009,3010482,3042352
765000,3029646,3059749
770010,3051970,3076374
775010,3076993,3090904
780010,3100441,3103953
785010,3111499,3114071
790002,3134365,3130253
795009,3155338,3146501
800005,3175739,3163347
805004,3197420,3180628
810007,3224623,3193911
815009,3248286,3209859
820009,3271136,3225563
825009,3293865,3240244
830010,3313474,3257045
835005,3334393,3272559
840010,3358850,3285009
845008,3383631,3296924
850000,3404434,3311158
855004,3423268,3325304
860009,3443509,3340784
865010,3464205,3355793
870008,3485504,3371744
875006,3508675,3382659
880009,3530423,3396610
885005,3550263,3411786
890006,3570652,3426198
895010,3591364,3441571
900007,3613378,3455410
905004,3635148,3465841
910009,3656856,3478576
915009,3675815,3493743
920009,3696295,3509341
925001,3716522,3524471
930004,3736919,3538416
935009,3760839,3548671
940003,3779488,3560357
945009,3799954,3573687
950009,3820933,3588285
955003,3841208,3602376
960010,3862590,3616974
965009,3877128,3622822
970009,3904224,3636302
975008,3927882,3650165
980008,3949622,3664547
985009,3969321,3680416
990010,3991279,3696078
995006,4015908,3709739
1000008,4043504,3722071
1005003,4067811,3736276
1010002,4087473,3751218
1015002,4109145,3766779
1020010,4130293,3782294
1025000,4150206,3798211
1030009,4175492,3809736
1035010,4195561,3820897
1040010,4217201,3836035
1045008,4237010,3851205
1050006,4255960,3866538
1055009,4276954,3881214
1060002,4300113,3894081
1065010,4321577,3904898
1070000,4342744,3918493
1075009,4361921,3934367
1080010,4383425,3949296
1085010,4403747,3964578
1090009,4420859,3979688
1095010,4445315,3990195
1100010,4466820,4001388
1105010,4481090,4009826
1110010,4502087,4026358
1115010,4523172,4041344
1120003,4542671,4057555
1125010,4565025,4073523
1130003,4591004,4087352
1135009,4614397,4102325
1140010,4636550,4117175
1145001,4656522,4132005
1150010,4677504,4149113
1155009,4698141,4164471
1160000,4716116,4180381
1165010,4742721,4191794
1170010,4762298,4203528
1175001,4782921,4217687
1180010,4803232,4232218
1185009,4821562,4247101
1190002,4843179,4262212
1195009,4861582,4277389
1200010,4886433,4287049
1205009,4906670,4299201
1210010,4928818,4311850
1215008,4948789,4326616
1220009,4969688,4342251
1225006,4989924,4356417
1230008,5010795,4369874
1235002,5035335,4382532
1240002,5059506,4393135
1245010,5070679,4400585
1250004,5093941,4413989
1255010,5115477,4428768
1260010,5136396,4443509
1265010,5157022,4458920
1270010,5177761,4475082
1275010,5202229,4488451
1280003,5229410,4501016
1285007,5252425,4513817
1290010,5271524,4529829
1295010,5292468,4544351
1300001,5310686,4559088
1305010,5331124,4573769
1310006,5352742,4586244
1315003,5377641,4597315
1320010,5395658,4609457
1325010,5418786,4622613
1330001,5437321,4637247
1335010,5455791,4650893
1340008,5478185,4664528
1345000,5497720,4678781
1350008,5521078,4690530
1355006,5544552,4701539
1360001,5564608,4713886
1365009,5584984,4726503
1370010,5604974,4740475
1375009,5622344,4756140
1380009,5643041,4769671
1385004,5660204,4784924
1390010,5688131,4796579
1395010,5703629,4803611
1400010,5727247,4816411
1405010,5747978,4831539
1410010,5768471,4846055
1415004,5788462,4861626
1420010,5809746,4876385
1425009,5827033,4891335
1430004,5854204,4903745
1435008,5879530,4914802
1440009,5902826,4927062
1445000,5922613,4941529
1450009,5940914,4955502
1455002,5959282,4969967
1460010,5979983,4984607
1465010,5998753,4999201
1470000,6023087,5010488
1475008,6045113,5020429
1480004,6068369,5030747
1485008,6087537,5042944
1490009,6107412,5058802
1495010,6126135,5072601
1500000,6144344,5087492
1505001,6162514,5101127
1510010,6179138,5115833
1515000,6200734,5128200
1520000,6224091,5139069
1525003,6244067,5149030
1530003,6254186,5157138
1535010,6274467,5170995
1540008,6293549,5185744
1545010,6312313,5199929
1550010,6330739,5215979
1555003,6351002,5230571
1560009,6369265,5246308
1565004,6397451,5259314
1570009,6423979,5272094
1575001,6449400,5284616
1580010,6470555,5299384
1585004,6489359,5314019
1590008,6510847,5329164
1595010,6528283,5343607
1600003,6546918,5358532
1605002,6563585,5373485
1610010,6592539,5385608
1615009,6616435,5397964
1620008,6637919,5412562
1625007,6658445,5427573
1630010,6678755,5441135
1635008,6698466,5455714
1640000,6719950,5470521
1645010,6739704,5485983
1650005,6763284,5498391
1655010,6788222,5509286
1660010,6810428,5519997
1665009,6830037,5531043
1670010,6848214,5544918
1675009,6869363,5557689
1680010,6888053,5573892
1685008,6906917,5588486
1690010,6923016,5604374
1695009,6946541,5616016
1700010,6963123,5624169
1705010,6982960,5637929
1710003,7005969,5652914
1715010,7025410,5668823
1720009,7046214,5684252
1725000,7065364,5698577
1730004,7084583,5714516
1735000,7106427,5727680
1740008,7132999,5740021
1745001,7155573,5754118
1750004,7176549,5767962
1755004,7194849,5781602
1760010,7216028,5795331
1765009,7233266,5810451
1770008,7253773,5823518
1775010,7270792,5838172
1780010,7296080,5848535
1785007,7319615,5858115
1790000,7339988,5869878
1795010,7360021,5883775
1800010,7377844,5897000
1805010,7395690,5911268
1810004,7413098,5924416
1815010,7429398,5938158
1820010,7448700,5950778
1825010,7474629,5962999
1830009,7496132,5974239
1835009,7515754,5987041
1840001,7534759,6001282
1845009,7554876,6014641
1850010,7571950,6029472
1855010,7590164,6042750
1860007,7606101,6058416
1865003,7626628,6070214
1870001,7642206,6078143
1875008,7669026,6090233
1880008,7689621,6104349
1885010,7709229,6120862
1890006,7728029,6135401
1895008,7746332,6150860
1900010,7764923,6164741
1905001,7781772,6179506
1910000,7805332,6192377
1915000,7830507,6203633
1920008,7850171,6215926
1925008,7871321,6230288
1930003,7888626,6245384
1935010,7907930,6258722
1940010,7926606,6272674
1945008,7944578,6288664
1950010,7964298,6302151
1955009,7987070,6313572
1960010,8010556,6323707
1965010,8030902,6334528
1970009,8048878,6348450
1975010,8067282,6362440
1980006,8085324,6376653
1985000,8101833,6390630
1990010,8121131,6404275
1995005,8139439,6417430
2000009,8163119,6428034
2005008,8185702,6438432
2010000,8196021,6446311
2015010,8217615,6459695
2020010,8233909,6473984
2025001,8253083,6489073
2030009,8271047,6503323
2035009,8290465,6518170
2040000,8311089,6531512
2045010,8336516,6544250
2050008,8361307,6556666
2055009,8384569,6570549
2060010,8401796,6584887
2065003,8421830,6599593
2070008,8437455,6614337
2075000,8458439,6628336
2080011,8475128,6642829
2085005,8500915,6653558
2090008,8522641,6665127
2095010,8542366,6679082
2100009,8559904,6693260
2105002,8576268,6707329
2110000,8591369,6722488
2115010,8612443,6737086
2120000,8629576,6752914
2125010,8654364,6763159
2130006,8677017,6773209
2135000,8696122,6786064
2140006,8717951,6800669
2145006,8735631,6813887
2150010,8750691,6829867
2155004,8769256,6843313
2160010,8788520,6858967
2165010,8808129,6871415
2170010,8822711,6878745
2175002,8849966,6890737
2180004,8872299,6903832
2185010,8895323,6918343
2190005,8915570,6932689
2195008,8931762,6947949
2200004,8951374,6961836
2205005,8967145,6976393
2210004,8992745,6988138
2215009,9015885,6998652
2220006,9037089,7011110
2225007,9059734,7023682
2230001,9079104,7036894
2235010,9096539,7051776
2240000,9111540,7065894
2245010,9128678,7080357
2250003,9146366,7093329
2255010,9168062,7103630
2260010,9190464,7114074
2265010,9209407,7126942
2270010,9226086,7140732
2275009,9241676,7154146
2280010,9255587,7168381
2285009,9270467,7181400
2290010,9287409,7195849
2295000,9303654,7209374
2300004,9326138,7219200
2305007,9341387,7225652
2310010,9359201,7236808
2315006,9380464,7249406
2320007,9398574,7263247
2325001,9415858,7276549
2330002,9431352,7292197
2335010,9451721,7305318
2340010,9469969,7319306
2345010,9495453,7330384
2350004,9512425,7342036
2355007,9534326,7352364
2360010,9551923,7365837
2365007,9569649,7378443
2370010,9586731,7390714
2375010,9603324,7405031
2380010,9625102,7415641
2385010,9646223,7425519
2390000,9661159,7438333
2395003,9679659,7450709
2400009,9696174,7466375
2405009,9713593,7478228
2410000,9727239,7491643
2415002,9744724,7504383
2420000,9760474,7517798
2425008,9778362,7529570
2430010,9801265,7540258
2435010,9813947,7547509
2440010,9828748,7559515
2445003,9847841,7571643
2450001,9863642,7584696
2455010,9880866,7597981
2460001,9897491,7611358
2465006,9914611,7624330
2470010,9935257,7636956
2475010,9957679,7646979
2480010,9975742,7657902
2485009,9996458,7669386
2490002,10014047,7681462
2495010,10030584,7693735
2500010,10042425,7707716
2505009,10058647,7719987
2510010,10073053,7733886
2515009,10092780,7744387
2520007,10114545,7753936
2525009,10129595,7764536
2530000,10148172,7775529
2535010,10159243,7786850
2540009,10173720,7797675
2545010,10187553,7809243
2550010,10205148,7822391
2555000,10222497,7835301
2560009,10246679,7845147
2565010,10265772,7855759
2570009,10287409,7868794
2575005,10311619,7880638
2580002,10333454,7894970
2585010,10347613,7902176
2590003,10363526,7915370
2595006,10378804,7926770
2600009,10393435,7941146
2605000,10411680,7952564
2610010,10435217,7963303
2615010,10454540,7972775
2620010,10472486,7983138
2625003,10484229,7993953
2630010,10500742,8005448
2635000,10515463,8016261
2640003,10530252,8028859
2645010,10546511,8041101
2650008,10568014,8050666
2655010,10582305,8061069
2660003,10599590,8071216
2665010,10618179,8083546
2670008,10634908,8094222
2675010,10649896,8106253
2680004,10663098,8116567
2685010,10676955,8129431
2690000,10695180,8140816
2695010,10714580,8150372
2700003,10728729,8161005
2705004,10746780,8171907
2710006,10762319,8184757
2715000,10774890,8197972
2720003,10792327,8210186
2725000,10802100,8222312
2730004,10818672,8234497
2735006,10837250,8249167
2740006,10856023,8259565
2745010,10873240,8267436
2750009,10887333,8277076
2755004,10908030,8289800
2760004,10931751,8302915
2765010,10951002,8316999
2770010,10969375,8329607
2775006,10983658,8344407
2780005,10997149,8356319
2785008,11014221,8371772
2790004,11027595,8385878
2795004,11050625,8396511
2800003,11072914,8406411
2805000,11087803,8416334
2810004,11106220,8428116
2815010,11123152,8443123
2820009,11137006,8457055
2825007,11156558,8469087
2830010,11170450,8483058
2835000,11188379,8495415
2840010,11204844,8509293
2845000,11216008,8522966
2850010,11237468,8535060
2855010,11259163,8545776
2860010,11274788,8557177
2865004,11290311,8568684
2870010,11308055,8582248
2875000,11320891,8594933
2880010,11340205,8607226
2885000,11355727,8619442
2890010,11371888,8633181
2895010,11391859,8644436
2900010,11415451,8655709
2905010,11432763,8666479
2910006,11445218,8672972
2915003,11464825,8687680
2920007,11485397,8701877
2925010,11504459,8715853
2930006,11524046,8729412
2935000,11542181,8743411
2940009,11566829,8753765
2945006,11585213,8764981
2950009,11604303,8776455
2955001,11616506,8788343
2960010,11635360,8801709
2965010,11650485,8815138
2970010,11664958,8828468
2975009,11682149,8841736
2980010,11704013,8852935
2985001,11720469,8862738
2990008,11740643,8873566
2995006,11758861,8886861
3000000,11779766,8899492
3005010,11794058,8912388
3010000,11809765,8926955
3015001,11823688,8941943
3020010,11848161,8952935
3025006,11870027,8963441
3030003,11889902,8973262
3035010,11907717,8986122
3040010,11926196,8998440
3045001,11941855,9011311
3050010,11962065,9024193
3055010,11979505,9037602
3060002,11994633,9044742
3065005,12017308,9056118
3070010,12040213,9068142
3075004,12058134,9079233
3080009,12076244,9090706
3085008,12094827,9103625
3090010,12111183,9116241
3095000,12129825,9128217
3100010,12153007,9138668
3105003,12166113,9146542
3110003,12185127,9158509
3115004,12198222,9173485
3120010,12217573,9186434
3125001,12235336,9200334
3130000,12253451,9213396
3135000,12268621,9226803
3140009,12292807,9238177
3145009,12314942,9247566
3150007,12335092,9257696
3155002,12348863,9270578
3160003,12367015,9284141
3165001,12381904,9296915
3170010,12396176,9310521
3175005,12410234,9324544
3180010,12433726,9334523
3185010,12452004,9345839
3190001,12461774,9351947
3195010,12483988,9363433
3200002,12502656,9376988
3205010,12521708,9389085
3210010,12537586,9403150
3215006,12555109,9415862
3220003,12570119,9429596
3225010,12586178,9441735
3230010,12608252,9452346
3235006,12629642,9462353
3240008,12645713,9473158
3245000,12664731,9485744
3250006,12680592,9499403
3255007,12700535,9511263
3260010,12718209,9524477
3265010,12735972,9536427
3270009,12751466,9550290
3275000,12771171,9561945
3280010,12793961,9572391
3285008,12816214,9581581
3290003,12835129,9592061
3295010,12854714,9604070
3300009,12871671,9617259
3305010,12887082,9630305
3310010,12909008,9642964
3315000,12926367,9655841
3320004,12943070,9668656
3325003,12960537,9684551
3330004,12977796,9699870
3335010,13000733,9711328
3340003,13025119,9721813
3345007,13046022,9731929
3350010,13056786,9738445
3355009,13076571,9749621
3360009,13095790,9765774
3365010,13112887,9780189
3370010,13137591,9794558
3375010,13156465,9807120
3380008,13175464,9819844
3385010,13192400,9834876
3390008,13212905,9847315
3395007,13237831,9858234
3400010,13261761,9867735
3405010,13280888,9878981
3410002,13301850,9890422
3415010,13319350,9903974
3420004,13340838,9916128
3425009,13359267,9929368
3430008,13378074,9942453
3435003,13394245,9955589
3440007,13416165,9967177
3445010,13437923,9976306
3450010,13455994,9986622
3455010,13471399,9998456
3460009,13489966,10010929
3465011,13504474,10024013
3470004,13525095,10036004
3475010,13538300,10049557
3480006,13554888,10063523
3485010,13569486,10078382
3490010,13589436,10090472
3495007,13611924,10100170
3500003,13634300,10109966
3505003,13646979,10116714
3510010,13668451,10128289
3515000,13686846,10142945
3520005,13708317,10155551
3525010,13729370,10170013
3530010,13747798,10183808
3535006,13764855,10198657
3540012,13781953,10213149
3545001,13806661,10223627
3550010,13829587,10233353
3555007,13846752,10242876
3560010,13868363,10255244
3565008,13887522,10268772
3570005,13908536,10280945
3575010,13927665,10294573
3580009,13945473,10307568
3585009,13960626,10320736
3590001,13981055,10332164
3595003,14002031,10341730
3600008,14022082,10350729
3605006,14038617,10361741
3610003,14057308,10373733
3615000,14068593,10387063
3620010,14088279,10399588
3625010,14104890,10413826
3630009,14118911,10425742
3635004,14131161,10440360
3640001,14147328,10454353
3645001,14169078,10463788
3650009,14182659,10469392
3655010,14204028,10481504
3660008,14226618,10494732
3665010,14241502,10509408
3670000,14261292,10522041
3675010,14276757,10536120
3680002,14296093,10549733
3685003,14311364,10563031
3690005,14334504,10573736
3695009,14354758,10583946
3700000,14371531,10594913
3705008,14388891,10607018
3710005,14406123,10619872
3715003,14422177,10635061
3720010,14434746,10649480
3725001,14453248,10663728
3730000,14469195,10677112
3735006,14489245,10687752
3740008,14509143,10697854
3745002,14522559,10709984
3750000,14541800,10721221
3755009,14554869,10734735
3760003,14573522,10748415
3765008,14589049,10761346
3770008,14608643,10773617
3775008,14625559,10786707
3780010,14648747,10797142
3785010,14668078,10805787
3790010,14680656,10814297
3795004,14697261,10822249
3800007,14716886,10836776
3805001,14734900,10849253
3810005,14751123,10862657
3815009,14766242,10874896
3820002,14778828,10890628
3825000,14799955,10903589
3830007,14825219,10915502
3835000,14844851,10924948
3840010,14863842,10937398
3845009,14881121,10949975
3850000,14895793,10963324
3855010,14912434,10976478
3860000,14931397,10990828
3865007,14949471,11003512
3870010,14974482,11013852
3875010,14994997,11024363
3880010,15013247,11034682
3885009,15024546,11047715
3890005,15041583,11061249
3895010,15061636,11074013
3900010,15078607,11086169
3905003,15093476,11100640
3910002,15115412,11110362
3915010,15138303,11120100
3920010,15157006,11129642
3925006,15174406,11141247
3930010,15192246,11153307
3935010,15211757,11165527
3940010,15228739,11176177
3945009,15238376,11185877
3950000,15262455,11198013
3955006,15286926,11208713
3960010,15308436,11217987
3965000,15323449,11229620
3970004,15344273,11240790
3975009,15362292,11251556
3980002,15374970,11265041
3985008,15398838,11273781
3990010,15418163,11284052
3995010,15437353,11293884
4000009,15451091,11306475
4005003,15473606,11316710
4010010,15491137,11328047
4015009,15505466,11341685
4020008,15527913,11351578
4025010,15550044,11360791
4030000,15570758,11369451
4035008,15590142,11379106
4040009,15609561,11388927
4045010,15619997,11394865
4050011,15635378,11405995
4055009,15650757,11418390
4060001,15673485,11429825
4065008,15694953,11439998
4070010,15716641,11449634
4075006,15733494,11460613
4080006,15748385,11472912
4085010,15764828,11485303
4090010,15785070,11495611
4095009,15806434,11503680
4100010,15827098,11512894
4105006,15840941,11523711
4110008,15861884,11534544
4115010,15876993,11546181
4120010,15889631,11557445
4125004,15912481,11567132
4130007,15933264,11575708
4135004,15952927,11585316
4140010,15968220,11597156
4145010,15990859,11607539
4150010,16007655,11618332
4155004,16020127,11629470
4160009,16044911,11638562
4165004,16064207,11646977
4170003,16078164,11652507
4175009,16092738,11663491
4180010,16113914,11675145
4185009,16131092,11686396
4190009,16148379,11698192
4195009,16171734,11708145
4200005,16194509,11716261
4205010,16214861,11725783
4210010,16227854,11737913
4215005,16246833,11748191
4220005,16257761,11756607
4225010,16275403,11759299
4230010,16302291,11761314
4235010,16328004,11763181
4240010,16344068,11764705
4245006,16359046,11766154
4250010,16373227,11767736
4255010,16383364,11769152
4260010,16390726,11770522
4265000,16397703,11771876
4270003,16404228,11773290
4275005,16411167,11774802
4280000,16412288,11775813
4285010,16419317,11777427
4290005,16420441,11778453
4295010,16423918,11780082
4300002,16428270,11781080
4305003,16429229,11782156
4310010,16435894,11783843
4315004,16436597,11784820
4320000,16439635,11786431
4325010,16444201,11787530
4330000,16445240,11788644
4335000,16451820,11790157
4340000,16452569,11791162
4345007,16453457,11792360
4350009,16459560,11793806
4355001,16459643,11794400
4360010,16462657,11795775
4365000,16465837,11796373
4370010,16471338,11797279
4375010,16474058,11798187
4380005,16477063,11798704
4385002,16477312,11799422
4390002,16483000,11800688
4395010,16483070,11801239
4400006,16485765,11802417
4405010,16489054,11803087
4410007,16489154,11803679
4415010,16493379,11804950
4420002,16494918,11805453
4425009,16495040,11806091
4430010,16500770,11807450
4435010,16500825,11808012
4440010,16500905,11808666
4445006,16501321,11809481
4450010,16506856,11810633
4455010,16506909,11811187
4460010,16507011,11811896
4465001,16509560,11813126
4470010,16512887,11813817
4475010,16512947,11814445
4480010,16513064,11815184
4485010,16516044,11816520
4490010,16518894,11817032
4495010,16518954,11817648
4500010,16519189,11818462
4505010,16524710,11819641
4510010,16524758,11820209
4515008,16524832,11820889
4520010,16525137,11821697
4525010,16530518,11822821
4530004,16530566,11823372
4535010,16530632,11824069
4540000,16532890,11825306
4545007,16535740,11825981
4550010,16535792,11826580
4555010,16535877,11827312
4560002,16537185,11828396
4565010,16558631,11841954
4570002,16576323,11851085
4575001,16593715,11858623
4580000,16611373,11865039
4585001,16628523,11871005
4590010,16646788,11876475
4595009,16664766,11882827
4600001,16686108,11888976
4605000,16703646,11894322
4610002,16722439,11899714
4615000,16742350,11905023
4620009,16757165,11908349
4625003,16768964,11910580
4630007,16780520,11912693
4635001,16791409,11914707
4640010,16800899,11917774
4645006,16817006,11921087
4650000,16831255,11924780
4655003,16845555,11928405
4660002,16861654,11932418
4665008,16870895,11934851
4670007,16888033,11938344
4675003,16901119,11942015
4680000,16916514,11948299
4685001,16925910,11953688
4690010,16942937,11960178
4695010,16950912,11964673
4700005,16963914,11969679
4705009,16976908,11976679
4710000,16997241,11984181
4715008,17005251,11990469
4720010,17022125,11996512
4725007,17034078,12000387
4730000,17054676,12004711
4735007,17066784,12009439
4740000,17084036,12014749
4745000,17089765,12019197
4750009,17099580,12022259
4755010,17122699,12037601
4760009,17146839,12057462
4765000,17170610,12080772
4770010,17197584,12097802
4775010,17217914,12117053
4780003,17242614,12133387
4785009,17259609,12148820
4790009,17283090,12163048
4795003,17308994,12175317
4800009,17323165,12184399
4805010,17351555,12194227
4810009,17369690,12205900
4815004,17396900,12214883
4820002,17413692,12223865
4825001,17439088,12233576
4830009,17454172,12243364
4835007,17478140,12253060
4840010,17496303,12264651
4845001,17519915,12274168
4850009,17538906,12284718
4855009,17561659,12295384
4860010,17574722,12306340
4865008,17599921,12315425
4870007,17622498,12324045
4875003,17653500,12329613
4880009,17672044,12337433
4885010,17701377,12343461
4890010,17718802,12351531
4895010,17746331,12357394
4900003,17764420,12365934
4905010,17792060,12372094
4910001,17809695,12380447
4915009,17834475,12388516
4920009,17851828,12398459
4925010,17874020,12405954
4930010,17893549,12415262
4935004,17911893,12423901
4940000,17930150,12431282
4945002,17944458,12441052
4950009,17967021,12448974
4955005,17980641,12458787
4960009,18002391,12466211
4965000,18019086,12474532
4970008,18032916,12483345
4975010,18056408,12492129
4980002,18068733,12503005
4985010,18092040,12511554
4990007,18105840,12522439
4995010,18120185,12529327
5000010,18138255,12533885
5005002,18145488,12538353
5010010,18164681,12542668
5015003,18174011,12546526
5020010,18186068,12550848
5025006,18203825,12554935
5030008,18209025,12558454
5035009,18225533,12562638
5040010,18238437,12566281
5045007,18244661,12571145
5050007,18258430,12575208
5055010,18271873,12579173
5060004,18277195,12582397
5065008,18288507,12586544
5070000,18306461,12590982
5075010,18314198,12594339
5080006,18326077,12599401
5085010,18349216,12605637
5090008,18392231,12609175
5095007,18441286,12611569
5100005,18482334,12614956
5105012,18539872,12615593
5110007,18590995,12617789
5115000,18649485,12618288
5120010,18692060,12621264
5125011,18751054,12621531
5130011,18793210,12624829
5135010,18852041,12625198
5140003,18910953,12625401
5145010,18939559,12627683
5150006,18954470,12630717
5155010,18967002,12634856
5160000,18984179,12638522
5165000,18993134,12642137
5170006,19000088,12645685
5175010,19012505,12649948
5180010,19026484,12654271
5185000,19034313,12656533
5190000,19040181,12661421
5195007,19051611,12665165
5200006,19062023,12669857
5205010,19067567,12672909
5210000,19069971,12676338
5215006,19080695,12680143
5220000,19090055,12684086
5225000,19093446,12687044
5230000,19096295,12690772
5235000,19102912,12694528
5240009,19112931,12698661
5245010,19127634,12701600
5250004,19133406,12705148
5255003,19140500,12709269
5260003,19148383,12713433
5265000,19148752,12717516
5270002,19149049,12721451
5275000,19152047,12728687
5280000,19167403,12734151
5285001,19208343,12736800
5290010,19253620,12738994
5295010,19294875,12741717
5300010,19353575,12742006
5305010,19406333,12743120
5310009,19452744,12744113
5315010,19497718,12747912
5320010,19553257,12748134
5325010,19577129,12750299
5330010,19636391,12750484
5335010,19695571,12750668
5340010,19717971,12753871
5345010,19741945,12757919
5350009,19746618,12760683
5355010,19772049,12764914
5360012,19822784,12766799
5365003,19865300,12769224
5370010,19893091,12772142
5375002,19902484,12774651
5380010,19909472,12776716
5385010,19915460,12779823
5390010,19930679,12782732
5395010,19933337,12787454
5400001,19949037,12790580
5405000,19954142,12793400
5410010,19965193,12797238
5415006,19975271,12799437
5420010,19982015,12804241
5425010,19995967,12806979
5430008,20001261,12812414
5435010,20015903,12815391
5440010,20017903,12819346
5445010,20031285,12822351
5450004,20037183,12825581
5455009,20048758,12829222
5460005,20056411,12833482
5465000,20069794,12837385
5470006,20076203,12840649
5475004,20085691,12844191
5480000,20095977,12848063
5485010,20102355,12851360
5490000,20110205,12854562
5495010,20111092,12858358
5497875,20111884,12860018
