timestamp_ms,physical_bytes
0,8192
60010,538611712
120010,4500783104
180010,8550682624
240010,14168592384
300010,20305444864
360010,25081446400
420009,30240952320
480010,36995002368
540008,41675902976
600008,46834020352
660010,51229331456
720010,54592540672
780010,59035549696
840010,64197541888
900000,68636667904
960001,72497147904
1020010,77095419904
1080001,81078857728
1140010,85576159232
1200010,90382831616
1260010,93393719296
1320010,97900462080
1380004,101369413632
1440009,105095839744
1500000,108009267200
1560009,111538876416
1620010,115356176384
1680010,118108213248
1740010,122244018176
1800010,125255172096
1860010,128313958400
1920008,131403272192
1980006,134867570688
2040000,138926747648
2100006,141284814848
2160008,144763883520
2220005,148800745472
2280003,151571709952
2340010,155384397824
2400009,158509895680
2460009,162139865088
2520007,166181953536
2580006,168914575360
2640010,172802818048
2700010,176817491968
2760004,179919073280
2820000,182441250816
2880010,185341227008
2940008,189346942976
3000001,191640150016
3060010,194765004800
3120003,197952032768
3180010,201591541760
3240010,203050573824
3300009,205612179456
3360009,207661817856
3420004,210873491456
3480006,212861976576
3540008,214896705536
3600008,218699657216
3660008,220068331520
3720010,222826233856
3780010,225857081344
3840006,228194709504
3900010,230817497088
3960010,233911955456
4020008,238078709760
4080006,240363991040
4140010,243872739328
4200010,248156905472
4260009,255640842240
4320000,260854607872
4380005,264555700224
4440010,267330805760
4500010,269166780416
4560002,270874255360
4620008,272877895680
4680000,276104687616
4740001,296117374976
4800010,298576068608
4860002,300657442816
4920003,302106361856
4980002,303307300864
5040010,304467226624
5100010,306029953024
5160005,306103533568
5220010,306587373568
5280009,307290730496
5340010,307621785600
5400008,307939516416
5460000,308581212160
5497875,309091328000
