component,physical_bytes
logs,4206592
plugins/addresses,9762381824
plugins/age,1753432064
plugins/bedrock,9089024
plugins/blocks,34516992
plugins/capital_sentiment,57344
plugins/coinflow,372158464
plugins/cointime,368664576
plugins/entry,117141504
plugins/holders,927883264
plugins/indexer,248710950912
plugins/indicators,4370432
plugins/inputs,22470832128
plugins/mappings,1314816
plugins/market,140222464
plugins/mining,84828160
plugins/op_return,39436288
plugins/outputs,19899146240
plugins/pools,974848
plugins/price,1089536
plugins/rarity_meter,105172992
plugins/supply,208896
plugins/transactions,3616456704
plugins/utxo_set,423563264
plugins/utxos,243228672
