timestamp_ms,read_bytes,written_bytes,page_ins
0,393216,4096,3
5010,475136,82460672,7531
10010,475136,82460672,7531
15009,141230080,82460672,7531
20009,275394560,82460672,7531
25009,409440256,82460672,7531
30010,811958272,82460672,7531
35009,946143232,82460672,7531
40009,1348759552,82460672,7531
45010,1885941760,342380544,32611
50010,2690711552,342380544,32611
55001,3495510016,471138304,53040
60009,4166377472,558407680,53040
65010,5105369088,683155456,72930
70010,6178312192,1007190016,72930
75010,7117066240,1211645952,92167
80009,8189984768,1211645952,92167
85010,8994660352,2467885056,111798
90010,9799430144,2467885056,111798
95010,10603945984,2697834496,132076
100009,11542642688,2697834496,132076
105010,12347449344,3074183168,152545
110010,13419335680,3243405312,173807
115009,14491906048,3334959104,173807
120009,15829979136,4810760192,195224
125010,17078583296,5011664896,195224
130009,18151309312,5278924800,216109
135009,19157127168,5705535488,236935
140009,20631855104,5797199872,236935
145003,21704757248,6058721280,257701
150010,23012904960,7232331776,278359
155010,24449593344,7496142848,278359
160004,25790038016,7767175168,299240
165010,26863734784,8324087808,320042
170010,28202827776,8613457920,340772
175008,29905559552,8965988352,361644
180010,31942860800,11671977984,361644
185010,33416744960,12035772416,382359
190010,34758164480,12521758720,402762
195007,36299231232,13271089152,423327
200010,38058045440,13376716800,440430
205010,40379990016,16063348736,444471
210010,41873326080,16520884224,465465
215005,43550330880,17049751552,486186
220009,45341388800,18055766016,506346
225009,46018859008,18055766016,506346
230005,48670711808,20725022720,525421
235009,50100731904,22016884736,542237
240010,51784146944,22768652288,562546
245010,53301952512,23576834048,590470
250010,55358648320,24125108224,590470
255010,57743532032,26616406016,611566
260009,59503349760,27725873152,633141
265010,61055373312,28162609152,654209
270010,63017844736,28997808128,675807
275010,65087045632,29691785216,697297
280000,67535032320,32398049280,697297
285010,69442744320,33273602048,719093
290005,71534907392,33896443904,741207
295000,73941704704,34773364736,762671
300010,76053057536,36475285504,784835
305009,77973233664,38121545728,806362
310010,79799959552,38705061888,827487
315015,81364148224,39047966720,843881
320009,83754831872,39507750912,849037
325010,86747217920,42647896064,870338
330010,88497799168,43904917504,891876
335010,90290376704,44792352768,912939
340010,92454813696,45271248896,934957
345008,94547439616,46372532224,956313
350010,97588817920,49376718848,956313
355010,99423236096,49837252608,978129
360010,101594738688,50510385152,1000607
365010,103891206144,51142696960,1022678
370004,106412249088,52712259584,1045297
375008,109811044352,55578021888,1045297
380010,111817777152,56030339072,1068428
385009,114320236544,56664387584,1091061
390009,116292915200,57441218560,1114111
395010,118294589440,58526220288,1136875
400000,122292715520,61734776832,1136875
405006,124686118912,63019905024,1160098
410009,126760644608,63485952000,1183460
415007,128799678464,64428912640,1207095
420009,131979825152,65213378560,1207095
425009,135129190400,67873746944,1230817
430010,138346332160,70208622592,1254028
435000,140655697920,70209167360,1256997
440010,143442997248,71555518464,1277274
445009,146015281152,72226557952,1299975
450002,148682354688,74095751168,1323756
455009,151977127936,76194947072,1323756
460010,154728112128,78028550144,1347776
465009,157649506304,78437715968,1371666
470009,161444233216,79091343360,1371666
475010,164715958272,80270946304,1395404
480000,168604598272,82453893120,1418301
485005,172725612544,85197848576,1418301
490001,175892140032,86490755072,1442078
495008,178652618752,87321559040,1465774
500002,181868421120,88333033472,1490593
505010,184902844416,88735641600,1490593
510009,188824797184,91542020096,1515473
515010,193183764480,93650001920,1515473
520010,196127264768,94232330240,1539264
525010,199172505600,95137284096,1562784
530010,201766772736,95767732224,1586376
535009,205136228352,96155262976,1586376
540010,208975286272,97939304448,1609551
545010,211262668800,98553942016,1632390
550010,214239920128,98689822720,1632390
555008,216888942592,99758845952,1656094
560009,219722305536,100305682432,1680655
565010,222950502400,100541009920,1680655
570009,226299162624,102879617024,1703777
575010,228790960128,103995629568,1727549
580009,232220676096,104112123904,1727549
585000,235119214592,105252753408,1751957
590010,237961465856,106008330240,1776101
595003,241250193408,106399879168,1776101
600010,244626341888,108859121664,1799301
605008,248668536832,110463680512,1799301
610000,251534311424,110842351616,1824276
615010,254179397632,111713902592,1848437
620010,256870625280,112317444096,1848437
625010,260836605952,113148600320,1872225
630009,264156221440,113351401472,1872225
635010,268795502592,116414263296,1897573
640002,272467202048,118229487616,1918114
645008,275573563392,118500618240,1922493
650010,279032557568,119625867264,1946858
655010,283088084992,120512106496,1946858
660005,287095586816,121290121216,1971889
665010,290564423680,122700115968,1995551
670009,295324016640,125449924608,1995551
675010,298475880448,126686330880,2017401
680009,301980790784,126686330880,2017401
685010,305428267008,127432323072,2039386
690007,307890978816,128441786368,2039386
695006,310878388224,129164288000,2061655
700010,314447278080,129466523648,2061655
705010,318059065344,131106828288,2084228
710003,321112907776,133482471424,2084228
715010,324163190784,134807908352,2106128
720010,328049430528,135473532928,2106128
725000,331122966528,136303456256,2129408
730009,334290165760,137284845568,2129408
735010,338354180096,138200993792,2152508
740010,340959916032,139152633856,2175524
745006,345528139776,142195453952,2175524
750010,348159594496,143349194752,2199184
755009,352075362304,143755374592,2199184
760009,355423830016,144402870272,2222176
765000,358692110336,144759943168,2222176
770010,362432557056,145358184448,2245024
775010,365677555712,146736041984,2267513
780010,370152816640,149116256256,2267513
785010,372109291520,149383081984,2267513
790002,376004444160,150224515072,2290381
795009,379734482944,150703665152,2313130
800005,382584643584,151036538880,2337077
805004,386808586240,151425351680,2337077
810007,391365877760,153934929920,2360004
815009,396176982016,155939381248,2360004
820009,399787470848,156731420672,2383823
825009,403935756288,157555515392,2408008
830010,407645335552,157642530816,2425351
835005,412219305984,158143676416,2432115
840010,417214795776,160151265280,2455801
845008,422074703872,163224342528,2455801
850000,426190233600,164221112320,2479344
855004,430719090688,164847960064,2479344
860009,434766536704,165231927296,2502997
865010,439379222528,165804793856,2526371
870008,442833694720,166519652352,2549712
875006,448114888704,169607856128,2549712
880009,451967811584,171148087296,2573404
885005,456171311104,171776778240,2573404
890006,460717027328,172415479808,2597328
895010,464955248640,172924919808,2620382
900007,469262331904,174118400000,2643257
905004,473833897984,176981467136,2643257
910009,478496407552,178766827520,2666499
915009,483066753024,179363561472,2666499
920009,487147872256,179907149824,2689733
925001,492016353280,180428247040,2712987
930004,496342016000,181171142656,2735814
935009,501164904448,184258854912,2735814
940003,506895904768,186192334848,2735814
945009,511170306048,187010727936,2759898
950009,515445579776,187665940480,2783786
955003,519552303104,188100304896,2806571
960010,523933790208,188422070272,2825086
965009,527881060352,190267387904,2829534
970009,533750935552,193387573248,2829534
975008,538859212800,194893025280,2851931
980008,544094855168,195656495104,2873346
985009,548961558528,196594073600,2875097
990010,553340030976,197188714496,2898143
995006,558075072512,198566174720,2920685
1000008,563941138432,201686568960,2920685
1005003,568320040960,203143897088,2944236
1010002,573074132992,203540369408,2944236
1015002,577211768832,204634898432,2967073
1020010,581929848832,205205676032,2989989
1025000,586705346560,205576187904,3009331
1030009,592467668992,208582434816,3013405
1035010,597776232448,210787758080,3013405
1040010,602266357760,211952992256,3036293
1045008,607014649856,212467687424,3058493
1050006,611464351744,212789895168,3082013
1055009,616308080640,213870403584,3082013
1060002,620514865152,215508500480,3105422
1065010,626380427264,218210500608,3105422
1070000,631236018176,220112818176,3129746
1075009,636804878336,220725911552,3129746
1080010,641086128128,221758164992,3152556
1085010,645651759104,222375833600,3175905
1090009,651403018240,222474039296,3175905
1095010,655958265856,225023557632,3199285
1100010,662027149312,227490676736,3199285
1105010,665029382144,228722294784,3222850
1110010,670194356224,229313232896,3222850
1115010,675685228544,230186606592,3245359
1120003,680678653952,231057190912,3245359
1125010,685331308544,231798669312,3269144
1130003,690186645504,233491841024,3292810
1135009,696458035200,235891953664,3292810
1140010,701972684800,237420105728,3316353
1145001,707375382528,238069084160,3334082
1150010,711950045184,238956675072,3340343
1155009,716634296320,239517847552,3364611
1160000,721975701504,239624650752,3375362
1165010,728331902976,242654773248,3389119
1170010,733448790016,245106937856,3389119
1175001,739126259712,246290952192,3412793
1180010,744033038336,247032475648,3433572
1185009,749010272256,247893131264,3438128
1190002,752802394112,248779358208,3462747
1195009,758376869888,248829337600,3462747
1200010,762667151360,251653419008,3485790
1205009,768906031104,253983928320,3485790
1210010,773480787968,255713796096,3509159
1215008,777717006336,256723369984,3509159
1220009,782540435456,257189482496,3533555
1225006,786839351296,257698066432,3557938
1230008,791969873920,258549907456,3557938
1235002,796324052992,260106481664,3582478
1240002,802735439872,262880497664,3582478
1245010,806076891136,264063651840,3582478
1250004,811481493504,265550036992,3607575
1255010,816935702528,266586906624,3607575
1260010,821993652224,267053342720,3631494
1265010,826233802752,267556913152,3655757
1270010,831658745856,268334403584,3655757
1275010,837419368448,269950763008,3679285
1280003,843872821248,273190727680,3679285
1285007,849758863360,275200360448,3703634
1290010,855451021312,275528257536,3703634
1295010,860604346368,276196265984,3727891
1300001,865954598912,276640739328,3737279
1305010,870744145920,277166305280,3752117
1310006,876297891840,278409584640,3776304
1315003,882161995776,281331453952,3776304
1320010,889101922304,283076059136,3776304
1325010,893747142656,284675657728,3799944
1330001,899384082432,285342699520,3799944
1335010,904316932096,285702176768,3824108
1340008,909487104000,286506180608,3847738
1345000,914687528960,287149723648,3847738
1350008,919926763520,289214152704,3870738
1355006,925721776128,292355096576,3870738
1360001,932283756544,294233067520,3890175
1365009,937488752640,295710113792,3895257
1370010,942765187072,296592842752,3919181
1375009,948608348160,296617201664,3919181
1380009,953952464896,297217748992,3943858
1385004,959823179776,297217748992,3943858
1390010,965312233472,300414095360,3967353
1395010,969904009216,302348476416,3967353
1400010,976232644608,304506531840,3992062
1405010,982175289344,305355370496,3992062
1410010,987871113216,306119839744,4016143
1415004,993738555392,306781573120,4016143
1420010,998410817536,307369496576,4039895
1425009,1004425166848,307413397504,4039895
1430004,1010341044224,309814992896,4064264
1435008,1017278459904,312859361280,4064264
1440009,1022791110656,315021787136,4089282
1445000,1028659331072,315594264576,4089282
1450009,1034348802048,316128174080,4113696
1455002,1040322744320,316711153664,4113696
1460010,1044897669120,317302951936,4137179
1465010,1050832973824,317498802176,4137179
1470000,1055424118784,319508287488,4160810
1475008,1062080958464,322242654208,4160810
1480004,1068583981056,325048963072,4160810
1485008,1074577727488,326395166720,4185910
1490009,1080580694016,326997528576,4185910
1495010,1086796390400,327842082816,4209930
1500000,1092022140928,328694353920,4209930
1505001,1097768034304,329244463104,4234817
1510010,1104797122560,329325588480,4234817
1515000,1109587656704,330730651648,4260010
1520000,1116996292608,333467582464,4260010
1525003,1123336642560,335811842048,4260010
1530003,1127037915136,336586948608,4260010
1535010,1133612388352,337466400768,4284868
1540008,1139478929408,338001698816,4284868
1545010,1146163130368,338740588544,4310028
1550010,1151675396096,339109117952,4310028
1555003,1157744386048,339798286336,4334107
1560009,1163716489216,339875717120,4334107
1565004,1169042722816,342464397312,4357722
1570009,1177168252928,345392214016,4357722
1575001,1183347089408,347633242112,4381413
1580010,1190638800896,348813983744,4381413
1585004,1197084164096,349409288192,4381413
1590008,1203365085184,350523060224,4405548
1595010,1209722490880,351085617152,4405548
1600003,1216113041408,351745744896,4429447
1605002,1221792907264,351745744896,4429447
1610010,1227197353984,354688118784,4453335
1615009,1234213965824,357131886592,4453335
1620008,1238980808704,357868294144,4475478
1625007,1245410021376,358451105792,4475478
1630010,1250799931392,359190102016,4498666
1635008,1256495464448,359858499584,4498666
1640000,1261345157120,360422686720,4521096
1645010,1267310096384,360599142400,4521096
1650005,1271930634240,362442354688,4544533
1655010,1278975344640,365180076032,4544533
1660010,1284926599168,367724060672,4544533
1665009,1290459140096,368957427712,4568660
1670010,1296024535040,369592197120,4568660
1675009,1300953661440,370773135360,4591899
1680010,1306050392064,371307069440,4591899
1685008,1311603834880,371895541760,4615308
1690010,1317349756928,371895541760,4615308
1695009,1321731125248,374355636224,4637945
1700010,1326424043520,376110014464,4637945
1705010,1331983216640,377594011648,4637945
1710003,1337021452288,378503892992,4661371
1715010,1342503567360,379085787136,4661371
1720009,1347970838528,380055052288,4683948
1725000,1352726822912,380559962112,4703448
1730004,1358426513408,380875292672,4706894
1735000,1363225407488,382163918848,4729449
1740008,1370743386112,385232257024,4729449
1745001,1376975372288,387250425856,4729449
1750004,1382723547136,388188119040,4753478
1755004,1388448268288,388799811584,4753478
1760010,1394219216896,389956399104,4776932
1765009,1399194599424,390342459392,4776932
1770008,1404459409408,391009943552,4799738
1775010,1409576865792,391059656704,4799738
1780010,1414445596672,394169008128,4822731
1785007,1421262745600,396842639360,4822731
1790000,1426963877888,398568976384,4839101
1795010,1432474157056,399384948736,4845645
1800010,1437613420544,399867990016,4868518
1805010,1443359047680,400647135232,4868518
1810004,1447938789376,401095557120,4891881
1815010,1453321752576,401240322048,4891881
1820010,1458159452160,402109370368,4915423
1825010,1464755298304,404995678208,4915423
1830009,1471114514432,407132688384,4915423
1835009,1476200009728,407922388992,4938792
1840001,1482194010112,408528195584,4938792
1845009,1486769049600,409481883648,4961349
1850010,1492217397248,410109984768,4961349
1855010,1497695916032,410676895744,4985484
1860007,1503803445248,410711535616,4985484
1865003,1508457529344,412445470720,5008473
1870001,1512615903232,414404292608,5008473
1875008,1520374730752,417016954880,5008473
1880008,1526350708736,418245513216,5032133
1885010,1532153765888,418808619008,5032133
1890006,1536971292672,419289608192,5054279
1895008,1542757945344,419973730304,5054279
1900010,1548078587904,420504485888,5078423
1905001,1554161516544,420595810304,5078423
1910000,1559280275456,422459392000,5101326
1915000,1566078664704,425403035648,5101326
1920008,1572399259648,427024486400,5101326
1925008,1577692594176,427997691904,5124764
1930003,1583757352960,428366143488,5124764
1935010,1588877070336,429341802496,5147320
1940010,1594047221760,429831606272,5170676
1945008,1599802654720,430213906432,5170676
1950010,1605413625856,431259324416,5193773
1955009,1611342065664,434474401792,5193773
1960010,1618506801152,437024071680,5193773
1965010,1623739572224,438950658048,5216916
1970009,1630550482944,439630450688,5216916
1975010,1634940973056,440148811776,5234533
1980006,1641700159488,441007153152,5239959
1985000,1646280339456,441392951296,5239959
1990010,1651901878272,441950883840,5263290
1995005,1656571031552,442567041024,5286635
2000009,1662258397184,445358776320,5286635
2005008,1668783235072,447924809728,5286635
2010000,1672065257472,448447594496,5289206
2015010,1677905022976,449498357760,5308921
2020010,1684028223488,449930518528,5308921
2025001,1689313959936,450281082880,5332356
2030009,1693749239808,450689200128,5355017
2035009,1700266512384,451605295104,5355017
2040000,1705649623040,452651024384,5378143
2045010,1713130823680,455982333952,5378143
2050008,1720676306944,458180882432,5378143
2055009,1726564814848,459546103808,5401200
2060010,1733102104576,460140277760,5401200
2065003,1738313498624,461006299136,5423332
2070008,1743906340864,461006299136,5423332
2075000,1749094559744,462175350784,5445866
2080011,1754699091968,462819291136,5446066
2085005,1760304336896,466174545920,5469031
2090008,1767859671040,468471820288,5469031
2095010,1773081665536,469421035520,5492047
2100009,1778926448640,469999075328,5492047
2105002,1784819392512,470318866432,5514233
2110000,1790876274688,470318866432,5514233
2115010,1795577327616,471269888000,5537662
2120000,1800829566976,471674527744,5537662
2125010,1806579830784,475015999488,5559981
2130006,1813108019200,477398917120,5559981
2135000,1819944570880,478887481344,5562070
2140006,1825558609920,479954239488,5583001
2145006,1830378455040,480489955328,5606599
2150010,1836804857856,480489955328,5606599
2155004,1842873384960,481063370752,5629915
2160010,1848247648256,481904803840,5629915
2165010,1853524123648,482897514496,5652714
2170010,1857882570752,484623052800,5652714
2175002,1865197879296,487392632832,5652714
2180004,1871282495488,488850198528,5676480
2185010,1877753749504,490289172480,5676480
2190005,1882817736704,491007262720,5700138
2195008,1889054023680,491007262720,5700138
2200004,1894231789568,491586207744,5723133
2205005,1899445121024,491586207744,5723133
2210004,1905324851200,494510886912,5746642
2215009,1911812874240,497464438784,5746642
2220006,1917993603072,498793316352,5746642
2225007,1923561013248,500364890112,5770260
2230001,1929298976768,501739384832,5770260
2235010,1934932877312,502156513280,5793696
2240000,1941408198656,502272020480,5804918
2245010,1948082581504,502737002496,5817436
2250003,1954200752128,503661674496,5841692
2255010,1961741299712,506646315008,5841692
2260010,1968608645120,509284782080,5841692
2265010,1974717165568,510804328448,5865434
2270010,1982400757760,511396372480,5865434
2275009,1987714777088,511793012736,5889039
2280010,1995040493568,511793012736,5889039
2285009,2001444372480,512281812992,5913827
2290010,2008117403648,513200566272,5913827
2295000,2014038077440,513866690560,5924250
2300004,2020207243264,517163769856,5937857
2305007,2024771264512,519124901888,5937857
2310010,2032010637312,520557887488,5937857
2315006,2037797666816,521740525568,5962618
2320007,2044174057472,522496434176,5962618
2325001,2050473836544,522896240640,5986127
2330002,2056140267520,522896240640,5986127
2335010,2062276104192,523975315456,6010325
2340010,2067384360960,524725219328,6030020
2345010,2074253496320,527778693120,6034671
2350004,2079688568832,529227051008,6034671
2355007,2086145957888,531662647296,6059218
2360010,2091246710784,532965818368,6059218
2365007,2097072472064,533511151616,6083484
2370010,2103121354752,534321209344,6106599
2375010,2108505980928,535437176832,6106599
2380010,2113387802624,537957744640,6131843
2385010,2120544849920,540667351040,6131843
2390000,2128010428416,541890068480,6131843
2395003,2134344392704,543533871104,6156167
2400009,2139449315328,544542998528,6156167
2405009,2145117765632,545461719040,6180139
2410000,2151906000896,545493864448,6180139
2415002,2157590089728,546343473152,6205547
2420000,2163342114816,547311943680,6205547
2425008,2169758105600,548681433088,6229243
2430010,2177261576192,551429136384,6229243
2435010,2181256585216,552735268864,6229243
2440010,2187870638080,554014146560,6243173
2445003,2193242251264,555537420288,6254454
2450001,2199869460480,556617732096,6254454
2455010,2205926600704,557376270336,6279615
2460001,2211022356480,557841362944,6303452
2465006,2217576976384,558877937664,6303452
2470010,2222793637888,560802996224,6327237
2475010,2229381005312,563965906944,6327237
2480010,2236968951808,565961289728,6327237
2485009,2242668150784,568153808896,6350751
2490002,2249306144768,569920602112,6350751
2495010,2254864896000,570938281984,6374709
2500010,2261718175744,570938281984,6374709
2505009,2267458617344,571820785664,6398707
2510010,2273541783552,572894949376,6398707
2515009,2279422332928,575163207680,6423029
2520007,2286210039808,577942700032,6423029
2525009,2292437991424,579630587904,6423029
2530000,2298323951616,581382832128,6449909
2535010,2303304245248,581650481152,6449909
2540009,2308831559680,582281011200,6476274
2545010,2313673416704,582563840000,6500989
2550010,2319749890048,583070564352,6500989
2555000,2325385068544,583165480960,6505526
2560009,2331270303744,586318520320,6523805
2565010,2338266812416,588222816256,6523805
2570009,2343340785664,589242146816,6523805
2575005,2347995639808,590665797632,6544290
2580002,2352468156416,590990561280,6544290
2585010,2355380281344,591560331264,6565034
2590003,2361278537728,591628771328,6565034
2595006,2367102271488,592185831424,6588064
2600009,2373821440000,592867876864,6588064
2605000,2378262147072,594151415808,6612753
2610010,2386454020096,597288026112,6612753
2615010,2393166974976,599636750336,6612753
2620010,2398173347840,600998617088,6637908
2625003,2404043751424,601294188544,6637908
2630010,2409170137088,602096889856,6663309
2635000,2414688645120,602561028096,6687842
2640003,2420650819584,603572760576,6687842
2645010,2426376794112,604106555392,6707247
2650008,2433452093440,606892175360,6713162
2655010,2440232939520,608412028928,6713162
2660003,2446115794944,610354352128,6736783
2665010,2452387840000,611905564672,6736783
2670008,2458112319488,612981137408,6754043
2675010,2463347208192,613603319808,6760133
2680004,2469513519104,614147743744,6784081
2685010,2475084181504,615154839552,6784081
2690000,2480167645184,616528347136,6808027
2695010,2486896988160,618535079936,6808027
2700003,2493031870464,620066095104,6808027
2705004,2498638757888,621822070784,6832591
2710006,2506291765248,622818017280,6832591
2715000,2512685035520,623254597632,6832591
2720003,2516992774144,624098893824,6857143
2725000,2524752605184,624126648320,6857143
2730004,2529932931072,625055690752,6881214
2735006,2535575556096,626074107904,6881214
2740006,2540138733568,627506724864,6905710
2745010,2545293529088,629169086464,6905710
2750009,2551923941376,630375682048,6905710
2755004,2557371183104,631851229184,6929859
2760004,2563547234304,633687375872,6929859
2765010,2570140688384,634404610048,6929859
2770010,2577510096896,635209756672,6952312
2775006,2584062484480,635209756672,6952312
2780005,2590859272192,635666481152,6974991
2785008,2597991776256,636551630848,6974991
2790004,2605391147008,636805951488,6974991
2795004,2611585650688,639039819776,6999160
2800003,2619932700672,641351405568,6999160
2805000,2627598970880,642808815616,6999160
2810004,2633626361856,643829485568,7022519
2815010,2641475493888,644581224448,7022519
2820009,2648369352704,644811911168,7022519
2825007,2654964965376,645718364160,7045426
2830010,2662250905600,645718364160,7045426
2835000,2668066942976,646404534272,7068283
2840010,2674804572160,647194767360,7068283
2845000,2682956775424,647659638784,7068283
2850010,2689150877696,650036482048,7091190
2855010,2697398042624,652310065152,7091190
2860010,2704408952832,653829664768,7091190
2865004,2711185559552,654874161152,7113540
2870010,2717919870976,656212967424,7113540
2875000,2724621303808,656779976704,7113540
2880010,2730230571008,657836412928,7136589
2885000,2735859953664,658509332480,7158291
2890010,2742391177216,659452452864,7158291
2895010,2747401621504,661372334080,7180420
2900010,2754832338944,663866740736,7180420
2905010,2762619068416,665581297664,7180420
2910006,2766139437056,666769321984,7202858
2915003,2772987138048,668501434368,7202858
2920007,2778862325760,669275230208,7224231
2925010,2785720471552,669877075968,7224231
2930006,2792624574464,670719180800,7245627
2935000,2798217347072,671623323648,7262296
2940009,2804835180544,674367893504,7266718
2945006,2811356459008,676246888448,7266718
2950009,2818156994560,678038310912,7288936
2955001,2825991802880,678730964992,7288936
2960010,2831543193600,679788306432,7310356
2965010,2838531022848,680525090816,7310356
2970010,2845335588864,681005604864,7333691
2975009,2851178045440,682032365568,7353783
2980010,2858861481984,684159815680,7353783
2985001,2865911410688,685750599680,7353783
2990008,2873178578944,687776555008,7375205
2995006,2880126763008,689126096896,7375205
3000000,2886867357696,690351943680,7395093
3005010,2894469582848,690538582016,7395093
3010000,2901436874752,691006308352,7415359
3015001,2908034396160,691006308352,7415359
3020010,2914481475584,693702778880,7436143
3025006,2921190641664,696079908864,7436143
3030003,2928168251392,698315907072,7457066
3035010,2936131358720,699577671680,7457066
3040010,2942174994432,700036173824,7477146
3045001,2949490667520,700133023744,7477146
3050010,2955737481216,700901560320,7498419
3055010,2962474512384,701697474560,7498419
3060002,2966325489664,703159095296,7519531
3065005,2974198075392,705671389184,7519531
3070010,2981106896896,707777388544,7540681
3075004,2987675467776,709567184896,7540681
3080009,2993746198528,710381645824,7562804
3085008,3001029537792,711510257664,7562804
3090010,3007025623040,712145498112,7583578
3095000,3012546183168,713421885440,7604634
3100010,3019813412864,715787169792,7604634
3105003,3026106654720,717055897600,7604634
3110003,3032984014848,718728699904,7627284
3115004,3040503341056,718728699904,7627284
3120010,3046825574400,719605821440,7649546
3125001,3053557841920,720385118208,7649546
3130000,3060119318528,721057865728,7670841
3135000,3067752218624,721057865728,7670841
3140009,3073412358144,723609886720,7692950
3145009,3080110297088,726230302720,7692950
3150007,3086841266176,728521814016,7714278
3155002,3094140948480,729147228160,7714278
3160003,3100070051840,729750515712,7734829
3165001,3107162038272,730091352064,7739816
3170010,3114902949888,730541199360,7755833
3175005,3121267122176,730793013248,7772273
3180010,3128695791616,733688111104,7778025
3185010,3136451899392,735517024256,7778025
3190001,3140794654720,736599003136,7778025
3195010,3148641865728,738693537792,7798310
3200002,3156536033280,739569004544,7798310
3205010,3164050366464,740222140416,7820366
3210010,3171839016960,741058387968,7820366
3215006,3177660248064,741922205696,7843386
3220003,3185898409984,742123220992,7843386
3225010,3192627679232,742866882560,7865131
3230010,3199050629120,745383845888,7865131
3235006,3206444154880,747815440384,7865131
3240008,3213937414144,749322735616,7865131
3245000,3221107683328,750182768640,7888218
3250006,3228688732160,750182768640,7888218
3255007,3234246279168,751350005760,7909793
3260010,3241246400512,752276230144,7909793
3265010,3247819235328,752845402112,7931686
3270009,3255892283392,752845402112,7931686
3275000,3262148177920,753979764736,7953406
3280010,3270340853760,756954128384,7953406
3285008,3278432849920,759379120128,7953406
3290003,3286055845888,761096916992,7953406
3295010,3292627083264,762099785728,7974354
3300009,3300247248896,762703159296,7974354
3305010,3307712557056,762703159296,7974354
3310010,3314291785728,763934777344,7996326
3315000,3320968331264,764792602624,7996326
3320004,3327805472768,765289906176,8018478
3325003,3335558852608,765440860160,8018478
3330004,3343450906624,765440860160,8018478
3335010,3350046863360,767433506816,8038715
3340003,3358091554816,769912848384,8038715
3345007,3365841063936,771994128384,8038715
3350010,3370539630592,773111980032,8038715
3355009,3377335189504,774535426048,8059164
3360009,3384997605376,774869544960,8059164
3365010,3393097003008,774869544960,8059164
3370010,3399886970880,775972536320,8079500
3375010,3406492065792,777054171136,8079500
3380008,3411978203136,778183835648,8101783
3385010,3419319709696,778215063552,8101783
3390008,3426215096320,778744430592,8123191
3395007,3433156927488,781603893248,8123191
3400010,3440857247744,784471703552,8123191
3405010,3447933734912,785739014144,8123191
3410002,3453920231424,786786402304,8144145
3415010,3460714192896,787381673984,8144145
3420004,3467140988928,788251058176,8165080
3425009,3473324781568,788850315264,8165080
3430008,3479041986560,789428191232,8185701
3435003,3486400745472,789428191232,8185701
3440007,3492847558656,791455891456,8207110
3445010,3500854177792,794247045120,8207110
3450010,3508297895936,796368076800,8207110
3455010,3514482987008,798055612416,8207110
3460009,3521431171072,798999646208,8229804
3465011,3527502602240,799132672000,8246735
3470004,3534632615936,800581296128,8250484
3475010,3542635692032,800927145984,8250484
3480006,3549588045824,801526525952,8272184
3485010,3557537419264,801595023360,8272184
3490010,3564183056384,802712891392,8293867
3495007,3571938287616,805194309632,8293867
3500003,3580285976576,807626801152,8293867
3505003,3585120112640,809004642304,8293867
3510010,3592028717056,810486329344,8314052
3515000,3599566712832,811059593216,8314052
3520005,3606767820800,811912720384,8335377
3525010,3614368849920,812917673984,8335377
3530010,3621788659712,813520281600,8350201
3535006,3628687179776,813927792640,8356718
3540012,3635690426368,813975674880,8358149
3545001,3642025484288,817072287744,8377954
3550010,3649627111424,819619303424,8377954
3555007,3656760877056,821271908352,8377954
3560010,3663591804928,822250655744,8399863
3565008,3670902153216,822851481600,8399863
3570005,3677117186048,823826046976,8421298
3575010,3684029792256,824529858560,8421298
3580009,3690260185088,825047457792,8441979
3585009,3697871990784,825047457792,8441979
3590001,3705164726272,826786455552,8463314
3595003,3712794157056,829445812224,8463314
3600008,3720358350848,832371056640,8463314
3605006,3727700967424,834500481024,8463314
3610003,3734340595712,835813289984,8485433
3615000,3741911007232,835813289984,8485433
3620010,3748764667904,836732698624,8507284
3625010,3755598168064,837278126080,8507284
3630009,3762694561792,837680472064,8529354
3635004,3770909425664,837823152128,8529354
3640001,3777461424128,838285983744,8550637
3645001,3784435200000,841527148544,8552329
3650009,3789386502144,843029635072,8552329
3655010,3797971238912,845240287232,8552329
3660008,3805366132736,847483174912,8572779
3665010,3812461658112,848074575872,8572779
3670000,3819198668800,848872013824,8594203
3675010,3826703806464,849256554496,8594203
3680002,3833204875264,850101075968,8615449
3685003,3840621850624,850435674112,8615449
3690005,3846614261760,853121249280,8637413
3695009,3853958164480,855327215616,8637413
3700000,3861121196032,856910049280,8652561
3705008,3868103426048,858030653440,8659446
3710005,3875121561600,858304864256,8680650
3715003,3882905767936,858783227904,8680650
3720010,3890572558336,858783227904,8680650
3725001,3897114390528,859777839104,8702400
3730000,3904191016960,860620066816,8702400
3735006,3910555426816,862942470144,8724277
3740008,3918466777088,865283231744,8724277
3745002,3925507035136,866559193088,8724277
3750000,3932465770496,868093374464,8744864
3755009,3939510980608,868529106944,8744864
3760003,3945810063360,869284990976,8765585
3765008,3952783032320,869647441920,8765587
3770008,3958962098176,870456274944,8788082
3775008,3965379043328,871277449216,8788087
3780010,3971832188928,873900560384,8809249
3785010,3978481803264,876276441088,8809251
3790010,3984257978368,877840752640,8809251
3795004,3989810286592,879419994112,8830183
3800007,3996806270976,880728879104,8830183
3805001,4003306930176,881304252416,8851573
3810005,4011419213824,881604055040,8851573
3815009,4019050512384,882015907840,8872947
3820002,4026328875008,882102923264,8872947
3825000,4032567775232,883981840384,8893775
3830007,4040018366464,886785155072,8893775
3835000,4047213068288,889016008704,8893786
3840010,4053416292352,890080321536,8914343
3845009,4059448373248,890763948032,8935495
3850000,4067322138624,891203936256,8935517
3855010,4072606937088,891657715712,8956146
3860000,4078943068160,892528078848,8956146
3865007,4085508657152,893580247040,8976934
3870010,4092244340736,896628666368,8976934
3875010,4099754962944,898611499008,8976934
3880010,4105689337856,900445954048,8998144
3885009,4113619578880,900599914496,8998144
3890005,4119598489600,901147619328,9019294
3895010,4126450331648,902503690240,9019302
3900010,4132612071424,903482949632,9040091
3905003,4138990837760,903722602496,9040091
3910002,4144897593344,906232676352,9059783
3915010,4151750422528,909171576832,9059783
3920010,4158258831360,911120617472,9081814
3925006,4165578989568,912564330496,9081814
3930010,4171843964928,913252974592,9103495
3935010,4178211082240,914384277504,9103497
3940010,4184225587200,914966450176,9124083
3945009,4188990324736,914966450176,9124083
3950000,4195345559552,917348093952,9145543
3955006,4202533670912,920395145216,9145543
3960010,4209201033216,922616696832,9165638
3965000,4216385843200,923692326912,9177223
3970004,4222381383680,925012688896,9186120
3975009,4227856801792,926159929344,9206929
3980002,4234736939008,926170583040,9207005
3985008,4240570347520,929218547712,9227740
3990010,4247544074240,931483340800,9227742
3995010,4253870481408,933367533568,9249446
4000009,4261078188032,933962702848,9249446
4005003,4266983485440,935187079168,9271111
4010010,4272670453760,935856574464,9293405
4015009,4279103332352,936100253696,9293405
4020008,4284672790528,938772082688,9315550
4025010,4291678920704,941826105344,9315552
4030000,4298167099392,944318844928,9328381
4035008,4304100216832,946501636096,9337689
4040009,4310058246144,947959517184,9358613
4045010,4313743990784,948640792576,9358613
4050011,4320099389440,949406253056,9371298
4055009,4326540509184,949823983616,9381345
4060001,4332690550784,952238067712,9402288
4065008,4339910742016,955068739584,9402290
4070010,4346397339648,957487099904,9423526
4075006,4352301539328,958496104448,9444181
4080006,4358738165760,958912520192,9444208
4085010,4364897443840,959375724544,9464539
4090010,4370123071488,961547415552,9485244
4095009,4376543580160,964652212224,9485244
4100010,4383036342272,966990524416,9506250
4105006,4389896146944,968075255808,9506250
4110008,4395907272704,969319583744,9527473
4115010,4401204047872,969983713280,9549098
4120010,4408502288384,970053607424,9549106
4125004,4414784217088,972464611328,9569756
4130007,4421777571840,975266611200,9569756
4135004,4427947945984,977544540160,9590678
4140010,4434748481536,978222698496,9590702
4145010,4440638349312,979754246144,9611683
4150010,4446796443648,980598980608,9632801
4155004,4453273690112,980648431616,9632866
4160009,4459198181376,983857385472,9653839
4165004,4466347212800,986427580416,9653869
4170003,4470306459648,987885342720,9674666
4175009,4477477326848,988537131008,9674697
4180010,4483173556224,989763063808,9696233
4185009,4489259024384,990591098880,9717396
4190009,4495619260416,991296303104,9738111
4195009,4502817579008,994215665664,9738118
4200005,4509927911424,997139660800,9738118
4205010,4516636147712,999254581248,9759312
4210010,4523961262080,1000268017664,9759320
4215005,4529434243072,1001528709120,9779923
4220005,4532944289792,1002596581376,9807444
4225010,4536023838720,1003396022272,9906434
4230010,4539546075136,1006877528064,9974337
4235010,4542723936256,1008924205056,10067629
4240010,4544901996544,1010098941952,10180041
4245006,4546879279104,1010569764864,10294685
4250010,4548657213440,1011651923968,10411573
4255010,4550893940736,1012057739264,10532299
4260010,4552992555008,1012436287488,10657022
4265000,4555132686336,1012849438720,10779543
4270003,4557247799296,1013370544128,10898291
4275005,4559353569280,1013781598208,11024072
4280000,4562122612736,1013781598208,11181414
4285010,4564412575744,1014228959232,11319395
4290005,4567367278592,1014228959232,11483336
4295010,4569795796992,1014335475712,11649734
4300002,4572822650880,1014684659712,11789173
4305003,4575750959104,1014684659712,11961552
4310010,4578054828032,1015130316800,12091988
4315004,4581229174784,1015130316800,12256111
4320000,4583693365248,1015130316800,12421887
4325010,4586906587136,1015551561728,12558714
4330000,4590293995520,1015551561728,12745105
4335000,4592837107712,1015953178624,12879078
4340000,4596051087360,1015953178624,13056533
4345007,4598928158720,1015953178624,13224108
4350009,4601107873792,1016318996480,13335930
4355001,4603584258048,1016318996480,13466263
4360010,4604972752896,1016711008256,13548724
4365000,4606508314624,1016711008256,13618892
4370010,4608052420608,1017061244928,13682109
4375010,4609450164224,1017385824256,13764213
4380005,4611003531264,1017385824256,13822040
4385002,4612901797888,1017385824256,13932054
4390002,4614431338496,1017743659008,14005512
4395010,4615971110912,1017743659008,14073343
4400006,4617453187072,1018021535744,14177882
4405010,4618957606912,1018180927488,14235725
4410007,4620590829568,1018180927488,14329773
4415010,4622384762880,1018549788672,14436398
4420002,4624294154240,1018549788672,14510018
4425009,4626071064576,1018549788672,14606224
4430010,4627897282560,1018880102400,14702422
4435010,4629977804800,1018880102400,14788526
4440010,4632117886976,1018880102400,14899723
4445006,4634569973760,1018880102400,15046406
4450010,4636438880256,1019291709440,15121610
4455010,4638456401920,1019291709440,15206799
4460010,4640965758976,1019291709440,15346685
4465001,4642833752064,1019477311488,15471732
4470010,4645156401152,1019678642176,15543640
4475010,4647462711296,1019678642176,15646303
4480010,4650088034304,1019678642176,15799176
4485010,4651657252864,1020019441664,15890640
4490010,4654035095552,1020019441664,15971560
4495010,4656500346880,1020019441664,16080046
4500010,4659081457664,1020019441664,16230240
4505010,4661004824576,1020306677760,16305983
4510010,4663312449536,1020306677760,16393352
4515008,4665817333760,1020306677760,16524889
4520010,4668117872640,1020306677760,16656486
4525010,4669975777280,1020563591168,16725946
4530004,4672374771712,1020563591168,16814296
4535010,4674894884864,1020563591168,16938576
4540000,4676671123456,1020563591168,17051511
4545007,4678943756288,1020797300736,17112251
4550010,4681337769984,1020797300736,17213618
4555010,4684116004864,1020797300736,17367933
4560002,4685992927232,1020797300736,17474151
4565010,4689402036224,1021111504896,17671684
4570002,4693143506944,1021598830592,17857323
4575001,4696946135040,1022263201792,18036886
4580000,4700940283904,1022999220224,18222760
4585001,4705274593280,1023647633408,18433017
4590010,4709889003520,1024427167744,18650892
4595009,4714835193856,1025411174400,18847420
4600001,4719557476352,1025987727360,19062184
4605000,4723967512576,1026627358720,19259510
4610002,4728653938688,1027352612864,19460832
4615000,4733893017600,1028171878400,19691176
4620009,4738850074624,1029099937792,19835248
4625003,4743885049856,1029099937792,19962960
4630007,4749046702080,1029099937792,20100253
4635001,4754319933440,1029099937792,20239085
4640010,4759560359936,1030361374720,20388020
4645006,4763111288832,1034578747392,20499078
4650000,4767252819968,1039354535936,20593848
4655003,4771580395520,1044208574464,20689962
4660002,4774573580288,1048510914560,20777666
4665008,4778152300544,1052771934208,20858078
4670007,4781526626304,1056549969920,20961953
4675003,4786426732544,1061191065600,21069955
4680000,4793213136896,1062858989568,21380548
4685001,4799114600448,1066139262976,21577367
4690010,4804215001088,1068183691264,21805685
4695010,4811643465728,1070802984960,22048282
4700005,4815695495168,1072134053888,22229517
4705009,4822376054784,1076005412864,22447786
4710000,4827667746816,1078078218240,22705429
4715008,4833672597504,1082362732544,22916443
4720010,4838401236992,1084121702400,23148779
4725007,4843748233216,1086384889856,23290341
4730000,4848660504576,1086384889856,23487884
4735007,4854525825024,1088885465088,23652370
4740000,4859492409344,1089877147648,23836678
4745000,4865153798144,1094392381440,23915163
4750009,4879426547712,1095153909760,23984649
4755010,4883159527424,1095209484288,24124986
4760009,4888624451584,1097786589184,24271469
4765000,4893160214528,1100074536960,24372788
4770010,4896147709952,1100415520768,24478781
4775010,4900376215552,1103051247616,24549411
4780003,4903633149952,1104341192704,24636244
4785009,4907021361152,1105819258880,24715231
4790009,4910923292672,1107632967680,24805862
4795003,4914518913024,1108447924224,24925107
4800009,4918632943616,1111290712064,24993596
4805010,4921457061888,1111290712064,25118020
4810009,4925998157824,1114179981312,25197442
4815004,4928563138560,1114179981312,25308248
4820002,4933147353088,1117088059392,25377094
4825001,4935905845248,1117455585280,25481996
4830009,4940222107648,1120048254976,25550954
4835007,4942915346432,1120607129600,25644216
4840010,4947503849472,1123150680064,25739995
4845001,4949975826432,1123511144448,25834344
4850009,4954735976448,1126374903808,25920442
4855009,4957149286400,1126374903808,26026598
4860010,4961372643328,1129689419776,26070825
4865008,4964334436352,1129689419776,26204006
4870007,4968968495104,1133094146048,26268117
4875003,4971020144640,1133094146048,26367313
4880009,4975533117440,1136559181824,26419024
4885010,4977455996928,1136559181824,26513431
4890010,4982014455808,1140271304704,26574709
4895010,4984076152832,1140271304704,26682890
4900003,4988871245824,1144316940288,26724168
4905010,4990861996032,1144316940288,26820132
4910001,4994725281792,1147474563072,26859524
4915009,4997501411328,1148512948224,26940306
4920009,5001737834496,1152124915712,26977271
4925010,5004646297600,1152772640768,27084093
4930010,5007953059840,1154847805440,27152290
4935004,5012170899456,1157158277120,27229327
4940000,5014929125376,1157180313600,27361391
4945002,5021015822336,1161536540672,27449023
4950009,5024470106112,1161536540672,27616164
4955005,5029877776384,1165998854144,27677206
4960009,5033574727680,1165998854144,27856606
4965000,5036533555200,1167463108608,27950198
4970008,5041861509120,1170492903424,28058901
4975010,5044966031360,1170492903424,28207250
4980002,5050977542144,1175009562624,28300253
4985010,5054282985472,1175009562624,28464281
4990007,5058657333248,1178250186752,28542838
4995010,5062764167168,1179495157760,28691901
5000010,5065746624512,1179503841280,28834538
5005002,5072181981184,1183972888576,28950577
5010010,5076087885824,1183972888576,29113106
5015003,5081900412928,1187865088000,29195035
5020010,5087265832960,1188444327936,29386728
5025006,5090984374272,1188444327936,29543190
5030008,5097563717632,1193463697408,29624747
5035009,5102347792384,1193463697408,29821911
5040010,5105576976384,1193463697408,29938962
5045007,5112572637184,1198362677248,30063142
5050007,5117238976512,1198362677248,30256920
5055010,5121188478976,1198362677248,30417735
5060004,5126809079808,1203021762560,30490962
5065008,5132314652672,1203021762560,30731651
5070000,5136365948928,1203021762560,30904135
5075010,5141045956608,1206837432320,31005161
5080006,5147046010880,1207805906944,31226711
5085010,5152806195200,1207806136320,31378258
5090008,5158051692544,1207806136320,31515765
5095007,5161931780096,1207806136320,31594771
5100005,5166583029760,1207806136320,31756042
5105012,5168046555136,1207806136320,31770051
5110007,5170391404544,1207806136320,31826897
5115000,5171590254592,1207806136320,31839190
5120010,5175304278016,1207806136320,31971906
5125011,5176116543488,1207806136320,31971910
5130011,5179688652800,1207806136320,32095590
5135010,5180479623168,1207806136320,32108692
5140003,5180959559680,1207806136320,32108697
5145010,5183361220608,1207806136320,32192042
5150006,5188526690304,1212539097088,32259762
5155010,5195735728128,1212677378048,32535718
5160000,5199501991936,1212683292672,32693039
5165000,5203757465600,1215156326400,32790757
5170006,5210341904384,1217646514176,32975491
5175010,5215450705920,1217646514176,33202781
5180010,5219560996864,1217646514176,33359601
5185000,5222719119360,1217660063744,33461423
5190000,5230731079680,1223070650368,33595679
5195007,5236359671808,1223070650368,33814108
5200006,5240839307264,1223070666752,34036016
5205010,5244353347584,1224620527616,34175548
5210000,5250927075328,1228251992064,34337561
5215006,5254930432000,1228251992064,34535903
5220000,5258599198720,1228251992064,34713294
5225000,5262152912896,1231095336960,34806646
5230000,5269682126848,1234024419328,35020330
5235000,5274296737792,1234024419328,35239807
5240009,5278625095680,1234024419328,35439018
5245010,5281073831936,1234024419328,35556321
5250004,5285457076224,1239407972352,35608948
5255003,5292313382912,1239753035776,35842606
5260003,5298427613184,1239753035776,36100178
5265000,5309237907456,1239753084928,36587598
5270002,5319528747008,1239753084928,37073164
5275000,5326954004480,1239753084928,37406389
5280000,5331828310016,1239753084928,37573422
5285001,5337049067520,1239753084928,37661538
5290010,5340142600192,1239753084928,37719013
5295010,5343244771328,1239753084928,37819471
5300010,5344224964608,1239753084928,37819471
5305010,5345276440576,1239753084928,37827077
5310009,5346457284608,1239947038720,37844907
5315010,5350771372032,1245621784576,37847481
5320010,5351553937408,1245621784576,37847481
5325010,5354676768768,1245621784576,37959330
5330010,5355154591744,1245621784576,37959330
5335010,5355636510720,1245621784576,37959330
5340010,5360017141760,1245621784576,38158246
5345010,5362580553728,1245621784576,38280512
5350009,5366571446272,1251293794304,38303457
5355010,5376760414208,1251633451008,38387454
5360012,5381156741120,1251633451008,38407869
5365003,5384943804416,1251633451008,38492997
5370010,5386662244352,1251633451008,38574170
5375002,5389157883904,1251634434048,38697220
5380010,5391635357696,1253204054016,38754232
5385010,5397145088000,1257712848896,38817816
5390010,5399018090496,1257712848896,38912425
5395010,5405233573888,1263744880640,38932945
5400001,5407422271488,1263744880640,39038808
5405000,5412190072832,1268214157312,39065365
5410010,5415452385280,1269579190272,39158367
5415006,5416778121216,1269834027008,39220665
5420010,5423653056512,1275509559296,39287024
5425010,5425479446528,1275509559296,39372270
5430008,5432078401536,1281313525760,39427747
5435010,5434184642560,1281313525760,39526224
5440010,5439963918336,1286950309888,39546304
5445010,5442293796864,1286950309888,39654238
5450004,5447219843072,1291319578624,39694210
5455009,5450546774016,1292749312000,39789510
5460005,5455842459648,1297409085440,39833017
5465000,5458993913856,1298167369728,39937288
5470006,5463815434240,1302358134784,39976429
5475004,5467104329728,1303532310528,40072984
5480000,5470866239488,1305819910144,40155274
5485010,5475769212928,1309359296512,40223357
5490000,5480531066880,1312894918656,40290727
5495010,5483498483712,1314916769792,40313980
5497875,5485112164352,1315252084736,40342590
