timestamp_ms,physical_bytes,peak_physical_bytes,resident_bytes,swap_used_bytes
0,4194808,4194808,6094848,141754368
5010,299492528,301458632,294993920,141754368
10010,299492528,301458632,294993920,141754368
15009,723674888,723674888,720371712,141754368
20009,907175856,907175856,944603136,141754368
25009,1355540856,1355540856,1454145536,141754368
30010,1732176704,1755163408,1950285824,141754368
35009,2160962872,2224123192,2430877696,141754368
40009,2254810544,2254810544,2645901312,141754368
45010,1795536608,3445618400,4299554816,141754368
50010,2808510224,3445618400,4498456576,141754368
55001,3808622832,3808622832,5295865856,141754368
60009,2460006640,3808639216,5319475200,141754368
65010,3588504032,3808639216,5730451456,141754368
70010,3736435168,3808639216,5753667584,141754368
75010,2684451920,4165860432,6540673024,141754368
80009,3821026504,4165860432,6758727680,141754368
85010,2950053616,4484988560,7541391360,141754368
90010,3514498800,4484988560,7561117696,141754368
95010,3143499936,4612505760,8234139648,141754368
100009,3562684576,4612505760,8261042176,141754368
105010,3049964040,4612505760,8733933568,141754368
110010,4386735200,4707828832,9546137600,141754368
115009,3678733408,4707828832,9600286720,141754368
120009,2748892760,5118953000,9352396800,141754368
125010,3827189384,5118953000,9843539968,141754368
130009,3728066736,5118953000,10244669440,141754368
135009,2639317432,5348542904,10558193664,141754368
140009,3952150968,5348542904,10520608768,141754368
145003,3880078424,5348542904,10602315776,141754368
150010,2654850688,5348542904,9923379200,141754368
155010,4096790144,5348542904,10155458560,141754368
160004,3918368648,5511630680,10138583040,141754368
165010,2983448696,5722869880,9995698176,141754368
170010,3334459752,5722869880,10076028928,141754368
175008,4409430640,5722869880,10088923136,141754368
180010,4518122096,5722869880,9178660864,141754368
185010,3800191816,5722869880,9205153792,141754368
190010,3497268616,5722869880,9512632320,141754368
195007,4687025784,5814375960,9573072896,141754368
200010,6081533752,6080927544,9798598656,141754368
205010,4284454760,6194222952,8924676096,141754368
210010,3916159088,6194222952,9055109120,141754368
215005,4159756664,6194222952,9490186240,141754368
220009,4649228952,6931372696,9304915968,141754368
225009,4466858648,6931372696,9414344704,141754368
230005,4434844672,6931372696,9046081536,141754368
235009,4254162328,6931372696,8359903232,141754368
240010,4617543304,6931372696,9226911744,141754368
245010,5367652240,6931372696,9182199808,141754368
250010,5530066832,6931372696,8945483776,141754368
255010,4340539544,6931372696,8354938880,141754368
260009,4429144456,6931372696,8494481408,141754368
265010,4326023800,6931372696,9156214784,141754368
270010,5994128280,6931372696,9082716160,141754368
275010,6049899632,6931372696,8525430784,141754368
280000,5014676592,6931372696,7892074496,141754368
285010,5332772240,6931372696,8487239680,141754368
290005,5174830696,6931372696,8971272192,141754368
295000,5662811992,6931372696,8483356672,141754368
300010,4869122168,6931372696,7396507648,141754368
305009,5446756784,6931372696,8222490624,141754368
310010,6871935648,6963014256,8939503616,141754368
315015,6143748936,6963014256,9314582528,141754368
320009,5624343440,6963014256,9011740672,141754368
325010,6409677952,6963014256,7177519104,141754368
330010,4679708040,6963014256,7560511488,141754368
335010,4486966928,6963014256,8263417856,141754368
340010,5079822208,6963014256,8438611968,141754368
345008,4608569432,6963014256,8101494784,141754368
350010,5446971480,6963014256,7133986816,141754368
355010,5729382800,6963014256,7418167296,141754368
360010,4941984384,6963014256,7917387776,141754368
365010,5490668400,6963014256,8321597440,141754368
370004,4751127672,6963014256,7559102464,141754368
375008,5730907256,6963014256,7327039488,141754368
380010,5316752816,6963014256,7559593984,141754368
385009,5999081120,6963014256,7530217472,141754368
390009,5153404816,7497054096,7820050432,141754368
395010,4222499016,7497054096,7788068864,141754368
400000,5293668552,7497054096,6421528576,141754368
405006,4891752936,7497054096,7001735168,141754368
410009,4550359768,7497054096,7588118528,141754368
415007,5044026384,7497054096,7668842496,141754368
420009,5981207568,7497054096,7897251840,141754368
425009,5817515288,7497054096,6691192832,141754368
430010,6912245304,7783611960,6083493888,141754368
435000,7280918120,7783611960,7758004224,141754368
440010,7463731008,7783611960,7499579392,141754368
445009,6146392088,7783611960,7246512128,141754368
450002,5249008000,7783611960,6786842624,141754368
455009,6740885888,7783611960,6105890816,141754368
460010,5088821872,7783611960,7048413184,141754368
465009,5193532256,7783611960,7681966080,141754368
470009,7112328032,7783611960,6856507392,141754368
475010,7269074240,7979664704,7549976576,141754368
480000,6539544184,7979664704,6412877824,141754368
485005,6169577080,7979664704,5785223168,374538240
490001,6227806056,8293844840,7238451200,374538240
495008,6608898136,8293844840,7257718784,374538240
500002,8787839328,8813201688,7286456320,374538240
505010,6358468960,8813201688,7294664704,374538240
510009,6035245792,8813201688,5728337920,374538240
515010,7589759712,8813201688,5668601856,444399616
520010,7022988216,8813201688,6971850752,444399616
525010,6462459072,8813201688,6705217536,436011008
530010,7233277576,8813201688,7299940352,436011008
535009,6514560696,8813201688,7171670016,436011008
540010,6428905792,8813201688,6424428544,427622400
545010,6714069624,8813201688,7069728768,427622400
550010,7453643384,8813201688,7505936384,427622400
555008,6736221104,8813201688,7102185472,427622400
560009,6395483464,8813201688,6876839936,427622400
565010,6791927088,8813201688,7040024576,427622400
570009,6649108048,8813201688,6564380672,427622400
575010,6849959816,8813201688,7277068288,427622400
580009,7722637192,8813201688,7206731776,427622400
585000,7217371256,8813201688,6737641472,427622400
590010,7112563144,8813201688,7059243008,427622400
595003,7361632712,8813201688,7009714176,427622400
600010,5717367456,8813201688,5541003264,427622400
605008,8180521632,8813201688,6077693952,427622400
610000,6599826488,8813201688,7025164288,427622400
615010,5250375048,8813201688,6801653760,419233792
620010,7400447368,8813201688,6509068288,419233792
625010,7522705160,8813201688,7094583296,419233792
630009,8275648504,8813201688,6929825792,419233792
635010,7049388288,9234276608,5259476992,419233792
640002,9311150528,9311084992,6522339328,419233792
645008,6593454600,9536397832,6835240960,419233792
650010,6161507088,9536397832,6284279808,419233792
655010,7853662992,9536397832,6063030272,419233792
660005,7959176288,9536397832,6197248000,419233792
665010,5951284560,9536397832,6716604416,419233792
670009,6544991568,9536397832,5528174592,431620096
675010,7946987072,9536397832,6361956352,431620096
680009,8024876560,9536397832,7039549440,431620096
685010,7547070232,9536397832,6749372416,431620096
690007,5943584536,9536397832,6663159808,431620096
695006,5129857056,9536397832,6850625536,423231488
700010,6963865656,9536397832,6836240384,423231488
705010,7165913408,9536397832,4817813504,423231488
710003,6174386496,9536397832,5669879808,423231488
715010,7090809392,9536397832,6951485440,423231488
720010,6379137584,9536397832,6488391680,423231488
725000,6431976272,9536397832,6551044096,423231488
730009,6887271248,9536397832,5884493824,423231488
735010,6441151552,9536397832,6004015104,423231488
740010,6360673680,9536397832,6148833280,423231488
745006,6609284496,9536397832,5132795904,423231488
750010,6998765208,9536397832,7122124800,423231488
755009,6513159784,9536397832,6834716672,423231488
760009,5980434192,9536397832,6982729728,423231488
765000,7383691096,9536397832,7477280768,414842880
770010,6739849312,9536397832,6679035904,414842880
775010,6225047960,9536397832,6394036224,414842880
780010,7569994136,9536397832,5944721408,414842880
785010,7617606040,9536397832,6864519168,414842880
790002,6724694688,9536397832,6686932992,414842880
795009,6809433000,9536397832,7127367680,414842880
800005,7695217912,9536397832,7295041536,414842880
805004,6559380728,9536397832,6584680448,414842880
810007,6217790928,9536397832,5559812096,414842880
815009,7609021928,9536397832,6485884928,414842880
820009,6312163056,9536397832,6705397760,414842880
825009,6669056016,9536397832,6891241472,414842880
830010,8087075072,9536397832,7369031680,414842880
835005,6920452496,9536397832,7097335808,406454272
840010,7451523712,9930209920,5583699968,406454272
845008,6708755096,9930209920,5806702592,406454272
850000,6608714632,9930209920,7170572288,406454272
855004,7841004424,9930209920,6116671488,406454272
860009,7897660608,9930209920,7335378944,406454272
865010,7158496784,9930209920,6885539840,406454272
870008,7627734808,9930209920,7395999744,398065664
875006,7273152280,9930209920,5502992384,398065664
880009,8281997320,9930209920,6932103168,398065664
885005,6987792368,9930209920,6950633472,398065664
890006,8414921024,9930209920,7182778368,398065664
895010,7918060104,9930209920,7772733440,398065664
900007,7922516744,9930209920,7108263936,398065664
905004,6618383136,9930209920,5871599616,398065664
910009,6662341720,9930209920,6864404480,398065664
915009,7881901144,9930209920,6479740928,398065664
920009,7506019776,9930209920,6915129344,398065664
925001,7622362752,9930209920,6750863360,398065664
930004,7878346656,9930209920,7200587776,398065664
935009,6002214792,9930209920,5614190592,398065664
940003,8483964832,9930209920,5698469888,398065664
945009,8671217856,9930209920,6715752448,398065664
950009,7580322224,9930209920,7270268928,398065664
955003,6411143864,9930209920,7257931776,398065664
960010,7277054840,9930209920,6976192512,398065664
965009,8394771344,9930209920,5743312896,398065664
970009,6714444712,9930209920,5332713472,402456576
975008,6784191640,9930209920,6560202752,402456576
980008,9292959160,9930209920,6439845888,402456576
985009,9084636624,9930209920,6876397568,402456576
990010,6213095104,9930209920,6904463360,402456576
995006,6490558336,9930209920,6737821696,402456576
1000008,6789353368,9930209920,5396578304,402456576
1005003,5890019488,9930209920,6594691072,402456576
1010002,7600804024,9930209920,6283935744,402456576
1015002,6771724760,9930209920,6742343680,402456576
1020010,6550803192,9930209920,6820085760,402456576
1025000,8130663400,9930209920,7022624768,402456576
1030009,6884004864,9930209920,5778374656,402456576
1035010,8703202304,9930209920,5436948480,402456576
1040010,6205658400,9930209920,6428639232,402456576
1045008,6218175872,9930209920,6973734912,394067968
1050006,7203919544,9930209920,7148060672,394067968
1055009,7267391160,9930209920,6850838528,394067968
1060002,6396909528,9930209920,6071156736,394067968
1065010,8357206000,9930209920,4812144640,394067968
1070000,5986982160,9930209920,6371459072,394067968
1075009,7332944144,9930209920,6272598016,394067968
1080010,6325000752,9930209920,6845759488,394067968
1085010,5708110696,9930209920,7122386944,394067968
1090009,8193891224,9930209920,6659801088,394067968
1095010,6864854152,9930209920,5305286656,394067968
1100010,8605752456,9930209920,5112922112,394067968
1105010,8301895128,9930209920,5949554688,394067968
1110010,8425643480,9930209920,6380208128,394067968
1115010,8150867608,9930209920,6422446080,394067968
1120003,8869699248,9930209920,6523781120,394067968
1125010,7547117496,9930209920,6785761280,394067968
1130003,6795190488,9930209920,6161891328,394067968
1135009,6498132208,9930209920,5613830144,395706368
1140010,6617801112,9930209920,6081003520,395706368
1145001,9117344416,9930209920,6229082112,395706368
1150010,6469935848,9930209920,7000457216,395706368
1155009,6106473504,9930209920,6876135424,395706368
1160000,7942005936,9930209920,6494404608,395706368
1165010,7816602920,9930209920,5315837952,410255360
1170010,6462678312,9930209920,5665177600,926810112
1175001,7017932336,9930209920,6100156416,926810112
1180010,8927258448,9930209920,6242926592,926810112
1185009,8716183424,9930209920,6929612800,918421504
1190002,5946189912,9930209920,6777700352,918421504
1195009,8329504856,9930209920,6727008256,918421504
1200010,6331001208,9930209920,5413912576,918421504
1205009,8158423416,9930209920,5749784576,918421504
1210010,6165654168,9930209920,6368378880,933363712
1215008,6664120984,9930209920,6079938560,933363712
1220009,6687714136,9930209920,7140687872,924975104
1225006,5826194504,9930209920,7287816192,924975104
1230008,7701769360,9930209920,7131086848,924975104
1235002,6687895080,9930209920,6157713408,924975104
1240002,8588045864,9930209920,5912526848,924975104
1245010,8144367144,9930209920,5323751424,916586496
1250004,7821668240,9930209920,6377865216,916586496
1255010,8015753128,9930209920,5985861632,916586496
1260010,8089841912,9930209920,7106248704,916586496
1265010,5858832944,9930209920,7223279616,916586496
1270010,8024945200,9930209920,7288471552,908197888
1275010,8644588368,10295997288,5972934656,908197888
1280003,7226192720,10295997288,5599592448,891420672
1285007,6931100760,10295997288,6696140800,891420672
1290010,7839790168,10295997288,6523256832,891420672
1295010,8128804192,10295997288,6752337920,891420672
1300001,10246305264,10295997288,6799556608,891420672
1305010,6835500648,10401429096,6824165376,740425728
1310006,8004188112,10401429096,6682214400,740425728
1315003,6484359120,10401429096,5891784704,740425728
1320010,9483335632,10401429096,4974542848,740425728
1325010,6732806456,10401429096,5899894784,740425728
1330001,8573107016,10401429096,6510493696,740425728
1335010,8470592808,10401429096,6686294016,740425728
1340008,7905853024,10401429096,6193856512,732037120
1345000,8579464824,10401429096,6500958208,732037120
1350008,7625867448,10401429096,5514133504,732037120
1355006,6326436024,10401429096,5807095808,732168192
1360001,9155183040,10401429096,6327681024,733216768
1365009,8018330120,10401429096,6520913920,733216768
1370010,9195553672,10401429096,6651510784,716439552
1375009,8373027720,10401429096,6944538624,716439552
1380009,7673168992,10401429096,6937067520,708050944
1385004,9632269456,10401429096,5894914048,708050944
1390010,7124698520,10401429096,5473091584,708050944
1395010,7212893592,10401429096,5806718976,708050944
1400010,8960427704,10401429096,5572755456,708050944
1405010,7711983336,10401429096,6542671872,708050944
1410010,7838353440,10401429096,6631718912,708050944
1415004,9298118688,10401429096,7097040896,708050944
1420010,6218516800,10401429096,6683115520,699662336
1425009,7589022040,10401429096,6201294848,699662336
1430004,8562231880,10401429096,5418303488,699662336
1435008,7571098184,10401429096,5354078208,701693952
1440009,8467500048,10401429096,6828556288,701693952
1445000,7399656464,10401429096,6517981184,701693952
1450009,6942624976,10401429096,6287097856,701693952
1455002,9466383592,10401429096,6502744064,701693952
1460010,6377180632,10401429096,6534496256,701693952
1465010,7917211096,10401429096,6460407808,701693952
1470000,6322556664,10401429096,6336790528,701693952
1475008,7171526392,10401429096,5564186624,703332352
1480004,6946148088,10401429096,5879185408,721223680
1485008,8054477184,10895479096,6103318528,628948992
1490009,6935302528,10895479096,5939609600,620560384
1495010,7895896712,10895479096,6648594432,620560384
1500000,6797709960,10895479096,6634635264,620560384
1505001,6171759528,10895479096,6707560448,620560384
1510010,8749044648,10895479096,6127403008,620560384
1515000,6277879152,10895479096,5849874432,620560384
1520000,8732661104,10895479096,5194776576,620560384
1525003,8371410288,10895479096,4954210304,620560384
1530003,7977964912,10895479096,5388337152,620560384
1535010,8460408440,10895479096,6285983744,620560384
1540008,7087396496,10895479096,5666062336,620560384
1545010,8686950296,11081865136,5999902720,620560384
1550010,7226562480,11081865136,6055247872,620560384
1555003,7093197224,11081865136,6281052160,620560384
1560009,7992695208,11081865136,5800050688,612171776
1565004,6136699616,11081865136,5900206080,612171776
1570009,7815928520,11081865136,5191811072,612564992
1575001,6953507768,11081865136,6258556928,612564992
1580010,8135351224,11081865136,5644484608,612564992
1585004,8449743800,11081865136,5956272128,612564992
1590008,7880285400,11081865136,5551685632,612564992
1595010,9018154200,11081865136,5798936576,616235008
1600003,8262934008,11081865136,5432705024,616235008
1605002,8125406712,11081865136,5796118528,616235008
1610010,5897150208,11081865136,5695717376,616235008
1615009,7250763520,11081865136,5575426048,625016832
1620008,5864497136,11081865136,7116750848,625016832
1625007,6829531120,11081865136,5939888128,625016832
1630010,5948219616,11081865136,6491979776,626262016
1635008,6320972000,11081865136,6219743232,617873408
1640000,5961572864,11081865136,6757466112,617873408
1645010,7819043352,11081865136,5794693120,617873408
1650005,6880518920,11081865136,6178619392,617873408
1655010,7721804552,11081865136,5472419840,619446272
1660010,6690792224,11081865136,5550718976,626655232
1665009,7213786176,11081865136,6410518528,618266624
1670010,6712337472,11081865136,5975326720,618266624
1675009,6322627960,11081865136,6728695808,632094720
1680010,6883272056,11081865136,6445924352,632094720
1685008,7448847928,11081865136,6777438208,632094720
1690010,8389289576,11081865136,6241288192,632094720
1695009,5767407496,11081865136,6368280576,632094720
1700010,7257221000,11081865136,5183225856,632094720
1705010,7846864800,11081865136,5427134464,632094720
1710003,6381971624,11081865136,6462226432,632094720
1715010,6898706600,11081865136,6215024640,632094720
1720009,6958934448,11081865136,6146899968,632094720
1725000,8169663112,11081865136,6363283456,632094720
1730004,6703049376,11081865136,6224297984,632094720
1735000,6551710656,11081865136,6100910080,632094720
1740008,8189979584,11081865136,5705777152,632094720
1745001,7413181376,11081865136,5382766592,632094720
1750004,7669165232,11081865136,5957353472,623706112
1755004,7799975088,11081865136,5734334464,623706112
1760010,7633857976,11081865136,5399396352,623706112
1765009,7535128016,11081865136,6524878848,623706112
1770008,6822915824,11081865136,6315573248,623706112
1775010,7285059312,11081865136,5973540864,623706112
1780010,6302625688,11081865136,5670109184,623706112
1785007,6499921840,11081865136,5637767168,623706112
1790000,7360442480,11081865136,5888884736,623706112
1795010,7006449848,11081865136,6088441856,623706112
1800010,7356150232,11081865136,6516604928,623706112
1805010,8713056752,11081865136,6254657536,623706112
1810004,7193981688,11081865136,6307102720,623706112
1815010,7162868472,11081865136,6109413376,623706112
1820010,8598713392,11081865136,5808701440,623706112
1825010,6715585560,11081865136,5512790016,623706112
1830009,8123855920,11081865136,6093144064,627834880
1835009,6659880224,11081865136,6913884160,627834880
1840001,8298345760,11081865136,5659082752,627834880
1845009,6617085504,11081865136,6714245120,627834880
1850010,7547942464,11081865136,6327549952,627834880
1855010,7545943880,11081865136,6154059776,627834880
1860007,9838278472,11081865136,6348734464,627834880
1865003,7460354056,11081865136,5060231168,619446272
1870001,6448379912,11081865136,5284413440,619446272
1875008,9810491424,11081865136,5701828608,619446272
1880008,8319859008,11081865136,5958238208,619446272
1885010,7003797872,11081865136,5820661760,619446272
1890006,7621524064,11081865136,7021658112,619446272
1895008,8172468832,11081865136,6838403072,619446272
1900010,6881360696,11081865136,6629834752,619446272
1905001,8431516472,11081865136,6271205376,619446272
1910000,7211465792,11081865136,4846075904,619446272
1915000,7389346880,11081865136,5340725248,619446272
1920008,9323953240,11081865136,6149160960,619446272
1925008,6666108256,11081865136,5917655040,619446272
1930003,8047050080,11081865136,5833801728,619446272
1935010,7883685456,11081865136,6006194176,619446272
1940010,10142301968,11081865136,6023806976,619446272
1945008,7334248232,11081865136,6288670720,619446272
1950010,8192442440,11081865136,6268600320,619446272
1955009,6646382664,11081865136,5564874752,619446272
1960010,8476377184,11081865136,5126602752,619446272
1965010,6547194312,11081865136,6470680576,652476416
1970009,8602632648,11081865136,5539233792,652476416
1975010,7196934792,11081865136,6258868224,652476416
1980006,8790082256,11081865136,6151274496,652476416
1985000,8154858168,11081865136,6373736448,652476416
1990010,7240008640,11081865136,6647480320,652476416
1995005,8132330648,11081865136,5691031552,652476416
2000009,7058343064,11081865136,5362253824,644087808
2005008,7128892568,11081865136,5512904704,644284416
2010000,7940129992,11081865136,6009552896,647036928
2015010,6792299984,11081865136,5877547008,647036928
2020010,8428340688,11081865136,5357387776,647036928
2025001,9161180840,11081865136,6372327424,647036928
2030009,7664207720,11081865136,7000702976,647036928
2035009,8036910952,11081865136,6228459520,647036928
2040000,8664713352,11081865136,7085113344,647036928
2045010,7674841224,11081865136,5520179200,739180544
2050008,8762755208,11081865136,5928812544,739180544
2055009,6800820624,11081865136,5978603520,739180544
2060010,8927840632,11081865136,5671665664,739180544
2065003,6226709144,11081865136,6299566080,739180544
2070008,7459900056,11081865136,6360793088,739180544
2075000,6793366432,11081865136,6434816000,739180544
2080011,8863042488,11081865136,6090506240,739180544
2085005,6508924144,11081865136,5328715776,739180544
2090008,8936410352,11081865136,5070536704,739180544
2095010,5957029392,11081865136,6314475520,730791936
2100009,6781046288,11081865136,6309117952,730791936
2105002,7392415416,11081865136,6461456384,730791936
2110000,9336114872,11081865136,6243434496,730791936
2115010,6347608000,11081865136,6588956672,730791936
2120000,7364595672,11081865136,6755041280,730791936
2125010,6976475384,11081865136,5480431616,730791936
2130006,6554816760,11081865136,6079676416,731840512
2135000,8948912376,11081865136,5463982080,743309312
2140006,7496028648,11081865136,6450085888,743309312
2145006,8074826480,11081865136,6305644544,743309312
2150010,7040832240,11081865136,6607175680,743309312
2155004,7734973408,11081865136,6690603008,743309312
2160010,7057888248,11081865136,6468304896,743309312
2165010,8983581952,11081865136,5994102784,734920704
2170010,7876220160,11081865136,5151703040,734920704
2175002,6929175832,11081865136,5527404544,735379456
2180004,7501272632,11081865136,6429884416,735379456
2185010,7173985800,11081865136,5893914624,735379456
2190005,8462718784,11081865136,7154089984,737935360
2195008,7888967488,11081865136,6551289856,737935360
2200004,7168219136,11081865136,7047397376,737935360
2205005,7549409304,11081865136,5970001920,737935360
2210004,8446318880,11081865136,6042288128,737935360
2215009,7448910136,11081865136,5311037440,737935360
2220006,8393955640,11081865136,5983993856,737935360
2225007,8096668224,11081865136,5788991488,737935360
2230001,7883643456,11081865136,6159204352,729546752
2235010,7096769352,11081865136,6839386112,729546752
2240000,10166459352,11081865136,7146455040,729546752
2245010,8641174656,11081865136,7662043136,729546752
2250003,8619498912,11081865136,7361232896,729546752
2255010,8927403448,11081865136,5246140416,729546752
2260010,7808458168,11081865136,5623103488,729546752
2265010,7931584192,11081865136,7478001664,729546752
2270010,10856455896,11081865136,6742507520,729546752
2275009,6891119160,11081865136,7296139264,721158144
2280010,8286298680,11081865136,7012761600,721158144
2285009,10535134256,12183692072,5894160384,721158144
2290010,8258987080,12183692072,5985353728,721158144
2295000,9173001504,12183692072,6254510080,721158144
2300004,7918462384,12183692072,5682331648,721158144
2305007,6730048944,12183692072,5920997376,721158144
2310010,8477877680,12183692072,5798068224,721158144
2315006,8008001280,12183692072,7084916736,721289216
2320007,8457217792,12183692072,5993414656,721289216
2325001,10769213400,12183692072,6494076928,721289216
2330002,8186619864,12183692072,6523961344,721289216
2335010,10094242016,12183692072,7154991104,721289216
2340010,8576936400,12183692072,7019954176,721289216
2345010,8322492952,12183692072,5939118080,721289216
2350004,7830612480,12183692072,5870288896,713031680
2355007,10199952256,12183692072,6515326976,713031680
2360010,8841112448,12183692072,7364247552,713031680
2365007,8309222704,12183692072,8025964544,713031680
2370010,10221776368,12183692072,6756925440,713031680
2375010,8305438216,12183692072,6716456960,713031680
2380010,7147499280,12183692072,7619002368,713031680
2385010,7226699536,12183692072,5943164928,713031680
2390000,10792169232,12183692072,5455413248,713031680
2395003,9341251584,12183692072,5490507776,713031680
2400009,7719235632,12183692072,6872809472,713031680
2405009,7954231680,12183692072,7630569472,687865856
2410000,9242046848,12183692072,7136804864,679477248
2415002,8152396424,12183692072,6580813824,679477248
2420000,8693314208,12183692072,7380566016,679477248
2425008,9363944288,12183692072,5586288640,679477248
2430010,8179872608,12183692072,4962467840,700252160
2435010,6938358624,12183692072,5833949184,700252160
2440010,10446812240,12183692072,6733643776,700252160
2445003,7689008352,12183692072,5629247488,700252160
2450001,11381896416,12183692072,6274170880,700252160
2455010,8662873528,12183692072,6132629504,675086336
2460001,7831615120,12183692072,7406518272,666697728
2465006,9807132280,12183692072,6645907456,666697728
2470010,7434156024,12183692072,6396870656,666697728
2475010,6439254008,12183692072,5979275264,666697728
2480010,9154312184,12183692072,5185093632,666697728
2485009,6680770816,12183692072,5449711616,666697728
2490002,10511972632,12183692072,6455312384,666697728
2495010,7850015312,12183692072,6504841216,666697728
2500010,10050222672,12183692072,7408418816,666697728
2505009,8994863864,12183692072,6504726528,666697728
2510010,7322516264,12183692072,6053756928,666697728
2515009,9162144792,12183692072,6891225088,666697728
2520007,8035580952,12183692072,5444845568,666697728
2525009,7295630384,12183692072,6114328576,667222016
2530000,8422686080,12183692072,7181287424,667222016
2535010,8063778176,12183692072,7173095424,667222016
2540009,8399994528,12183692072,7131185152,667222016
2545010,7326662592,12183692072,7645036544,667222016
2550010,6441205696,12183692072,6443745280,667222016
2555000,7603617800,12183692072,6185254912,668401664
2560009,6245515440,12183692072,5575671808,668401664
2565010,6244286640,12183692072,5854429184,668401664
2570009,7107281120,12183692072,5929975808,668401664
2575005,5922144624,12183692072,6098845696,668401664
2580002,7076282760,12183692072,6163677184,668401664
2585010,5474959968,12183692072,6322683904,668401664
2590003,6589907576,12183692072,5866405888,660275200
2595006,10047898496,12183692072,6295797760,660275200
2600009,8694481816,12183692072,5436669952,660275200
2605000,6440846568,12183692072,6747258880,660275200
2610010,7888602344,12183692072,5537808384,663420928
2615010,7217710336,12183692072,5715034112,671219712
2620010,6723978808,12183692072,7143653376,671219712
2625003,8437745232,12183692072,6500745216,671219712
2630010,7572719376,12183692072,6987071488,654442496
2635000,9475754104,12183692072,6587170816,654442496
2640003,8286390368,12183692072,7378468864,654442496
2645010,7895173432,12183692072,6153797632,654442496
2650008,9894595016,12183692072,5454413824,654442496
2655010,9026832840,12183692072,5015683072,654442496
2660003,6246828776,12183692072,5364170752,654442496
2665010,6887312104,12183692072,6145228800,654442496
2670008,9792195520,12183692072,6064095232,654442496
2675010,6724193240,12183692072,7113179136,654442496
2680004,10082225376,12228152544,6001704960,654442496
2685010,8742030560,12228152544,6491996160,654442496
2690000,7705120256,12228152544,6961119232,654442496
2695010,10498444800,12228152544,4945215488,654442496
2700003,8966622720,12228152544,5004017664,654442496
2705004,6194941752,12228152544,5569888256,654442496
2710006,10890825504,12228152544,6617153536,654442496
2715000,9682685752,12228152544,4879138816,654442496
2720003,6815354944,12228152544,6716555264,646053888
2725000,10472607808,12228152544,5944066048,646053888
2730004,7400411488,12228152544,5798346752,646053888
2735006,6718460256,12228152544,6074056704,646053888
2740006,6607311464,12228152544,5644763136,646053888
2745010,5691150952,12228152544,6193266688,646053888
2750009,8271106664,12228152544,5579341824,646053888
2755004,7700272032,12228152544,5689196544,646053888
2760004,6113973152,12228152544,5927895040,646053888
2765010,6665114528,12228152544,5857280000,646053888
2770010,8159188208,12228152544,5302435840,646053888
2775006,6799463688,12228152544,5925584896,646053888
2780005,9443972552,12228152544,5131649024,646053888
2785008,7976015304,12228152544,5217255424,646053888
2790004,7086986768,12228152544,5826871296,648937472
2795004,6229513984,12228152544,5892800512,642187264
2800003,6424188672,12228152544,5349752832,642580480
2805000,6875387648,12228152544,5547474944,643497984
2810004,5954050080,12228152544,5653331968,643497984
2815010,8332711992,12228152544,5303123968,643497984
2820009,7101978704,12228152544,5448679424,645464064
2825007,7886018880,12228152544,6066749440,645464064
2830010,6748608856,12228152544,5780717568,650051584
2835000,7354440264,12228152544,5809455104,650051584
2840010,7994956360,12228152544,5988335616,650051584
2845000,10781383240,12228152544,3908534272,650051584
2850010,8465816400,12228152544,4260249600,650051584
2855010,7624039248,12228152544,5033066496,650051584
2860010,6823189328,12228152544,6006996992,650051584
2865004,9686359080,12228152544,5816123392,650051584
2870010,8277154856,12228152544,5190238208,650051584
2875000,10171423784,12228152544,5981192192,650051584
2880010,8766905672,12228152544,6339198976,650051584
2885000,8302222856,12228152544,7113572352,650051584
2890010,7941332488,12228152544,6112854016,650051584
2895010,6093020992,12228152544,5963988992,654901248
2900010,6369107776,12228152544,5806309376,654901248
2905010,9492537152,12228152544,4814454784,659423232
2910006,8216649824,12228152544,5380374528,651034624
2915003,7756931168,12228152544,6407094272,651034624
2920007,5653307680,12228152544,6622969856,653656064
2925010,6711451960,12228152544,5822251008,653656064
2930006,9120653840,12228152544,5868011520,653656064
2935000,7892787920,12228152544,6603259904,653656064
2940009,7953294080,12228152544,5698043904,653656064
2945006,8221516544,12228152544,5114183680,653656064
2950009,5893202952,12228152544,6040993792,653656064
2955001,10378716192,12228152544,5988630528,653656064
2960010,7770481960,12228152544,6258868224,653656064
2965010,11534574888,12228152544,6578143232,653656064
2970010,9093866960,12228152544,5436702720,653656064
2975009,6724265712,12228152544,5945638912,653983744
2980010,5988148976,12228152544,5564268544,653983744
2985001,6639855344,12228152544,5869731840,653983744
2990008,8394614752,12228152544,5235965952,653983744
2995006,7051683832,12228152544,5589827584,653983744
3000000,5793507584,12228152544,6047416320,653983744
3005010,10640304384,12228152544,6079692800,653983744
3010000,8672078152,12228152544,4947787776,653983744
3015001,6960966032,12228152544,5852053504,655294464
3020010,7726099168,12228152544,5451530240,655294464
3025006,6944058104,12228152544,5411389440,659226624
3030003,5422935040,12228152544,5318754304,659226624
3035010,6231714816,12228152544,5742067712,659226624
3040010,5629390064,12228152544,5983584256,659226624
3045001,6520106248,12228152544,5589041152,724828160
3050010,5818854928,12228152544,5639847936,724828160
3055010,6484323856,12228152544,5629247488,724828160
3060002,5454671592,12228152544,6014353408,724828160
3065005,8955834088,12228152544,4872650752,724828160
3070010,7091286000,12228152544,6029459456,726138880
3075004,6784364528,12228152544,6326583296,726138880
3080009,6574780568,12228152544,6371868672,726138880
3085008,8254845080,12228152544,5917835264,726138880
3090010,6780842400,12228152544,6662569984,726138880
3095000,6353465976,12228152544,6871564288,726138880
3100010,6059487864,12228152544,5595168768,726138880
3105003,7839740536,12228152544,5831770112,726138880
3110003,7466414952,12228152544,5790515200,726138880
3115004,8005907352,12228152544,5642305536,726138880
3120010,5888128112,12228152544,5869027328,726138880
3125001,7540208776,12228152544,5720702976,726138880
3130000,6120142272,12228152544,6002327552,726138880
3135000,7434909120,12228152544,5711167488,726138880
3140009,6060701336,12228152544,5668913152,726138880
3145009,8013346456,12228152544,5563367424,726138880
3150007,5940623264,12228152544,5310595072,729415680
3155002,8800614304,12228152544,5982814208,729415680
3160003,6252542072,12228152544,6367379456,729415680
3165001,9658759360,12228152544,6075973632,721027072
3170010,9587128728,12228152544,4997660672,721027072
3175005,8534162032,12228152544,5235113984,721027072
3180010,5983058592,12228152544,5223481344,721027072
3185010,6226901664,12228152544,5633310720,721027072
3190001,6489848480,12228152544,5835587584,730726400
3195010,5622987568,12228152544,5755142144,753467392
3200002,6255016752,12228152544,5679661056,753467392
3205010,5616680064,12228152544,6021218304,753467392
3210010,7732968576,12228152544,5637783552,755499008
3215006,6308674880,12228152544,6519734272,755499008
3220003,6334430528,12228152544,5577326592,755499008
3225010,8734703176,12228152544,4546904064,755499008
3230010,6556401200,12228152544,5345968128,755499008
3235006,6637469256,12228152544,6072713216,755499008
3240008,6624788040,12228152544,5742723072,764084224
3245000,5977898784,12228152544,5792464896,764084224
3250006,7655653176,12228152544,5605212160,764084224
3255007,6057050128,12228152544,5791989760,764084224
3260010,6891946024,12228152544,5465669632,764084224
3265010,5743116592,12228152544,5897273344,764084224
3270009,6477250864,12228152544,5635473408,764084224
3275000,5916328504,12228152544,5199724544,766050304
3280010,5761237560,12228152544,5017616384,766050304
3285008,6084428344,12228152544,5307547648,766050304
3290003,6493733432,12228152544,5470322688,766050304
3295010,5467128640,12228152544,5439815680,766050304
3300009,6573130560,12228152544,5236129792,766050304
3305010,7150109504,12228152544,5582815232,776863744
3310010,6957073432,12228152544,5679628288,776863744
3315000,6760530968,12228152544,5990727680,777519104
3320004,7281018168,12228152544,5452562432,777519104
3325003,6105154872,12228152544,5691457536,777519104
3330004,6943458616,12228152544,5477564416,777519104
3335010,5779441144,12228152544,4544249856,774111232
3340003,5955651064,12228152544,5370249216,774111232
3345007,6193759736,12228152544,5245714432,774111232
3350010,6392382968,12228152544,5123031040,774111232
3355009,6614976232,12228152544,5534531584,774111232
3360009,6311839440,12228152544,5445910528,774111232
3365010,7142803200,12228152544,5436637184,774111232
3370010,5947967424,12228152544,5028610048,774242304
3375010,7942686656,12228152544,4904206336,774242304
3380008,6161500336,12228152544,6072172544,774242304
3385010,6345836720,12228152544,5774901248,774242304
3390008,7718275488,12228152544,5744197632,775225344
3395007,5919574432,12228152544,5546639360,777060352
3400010,6186748320,12228152544,5577736192,777060352
3405010,6402460064,12228152544,5754437632,777060352
3410002,5689838248,12228152544,5843812352,768671744
3415010,6558812840,12228152544,5778817024,768671744
3420004,5800889216,12228152544,5854887936,771686400
3425009,7659981696,12228152544,5958565888,773849088
3430008,5956144312,12228152544,6452936704,774701056
3435003,7381388472,12228152544,5578588160,774701056
3440007,9510636968,12228152544,5629984768,774701056
3445010,9163083176,12228152544,4345184256,776404992
3450010,8254918056,12228152544,5133287424,776404992
3455010,6704614824,12228152544,5641912320,776404992
3460009,6558289560,12228152544,5767086080,776404992
3465011,7200165696,12228152544,6274072576,776929280
3470004,8950058864,12228152544,5527896064,776929280
3475010,9449377648,12228152544,4740218880,776929280
3480006,6742872184,12228152544,5463539712,776929280
3485010,6704287864,12228152544,5888999424,776929280
3490010,5878223232,12228152544,5689196544,776994816
3495007,5977919872,12228152544,5428379648,776994816
3500003,6029283712,12228152544,5686640640,768606208
3505003,6359241088,12228152544,5206147072,701497344
3510010,6910939736,12228152544,6088261632,701497344
3515000,6432232024,12228152544,5769920512,701497344
3520005,5774955360,12228152544,6339575808,704184320
3525010,6413587296,12228152544,5724307456,704184320
3530010,9196672008,12228152544,5318443008,704184320
3535006,6260741224,12228152544,5690949632,704184320
3540012,7390532736,12228152544,5885968384,704184320
3545001,5852255528,12228152544,5341052928,706936832
3550010,6041097512,12228152544,5643829248,715784192
3555007,6574298408,12228152544,5719998464,715784192
3560010,5732193960,12228152544,5960007680,715784192
3565008,6590224040,12228152544,5660459008,715784192
3570005,6096885536,12228152544,5440356352,715784192
3575010,6284678944,12228152544,5866766336,715784192
3580009,5834987512,12228152544,6387515392,715784192
3585009,6628431864,12228152544,5580587008,715784192
3590001,9819560168,12228152544,6286000128,715784192
3595003,9705904384,12228152544,4528373760,716701696
3600008,8713869568,12228152544,4858904576,716701696
3605006,7270078696,12228152544,5419319296,716701696
3610003,5880568376,12228152544,6298992640,716701696
3615000,7667800632,12228152544,5486739456,716701696
3620010,6678944552,12228152544,6353371136,716701696
3625010,6829300520,12228152544,5783158784,708706304
3630009,11348368456,12228152544,5720375296,712704000
3635004,8346655792,12228152544,5155569664,713228288
3640001,7748263200,12228152544,6029148160,713228288
3645001,6108667144,12228152544,5807128576,713228288
3650009,7008034056,12228152544,5590597632,713228288
3655010,10239532296,12228152544,5155815424,713228288
3660008,8316607944,12228152544,4924899328,713228288
3665010,6696345032,12228152544,5692997632,713228288
3670000,7449353864,12228152544,6135562240,713228288
3675010,6877994656,12228152544,5496504320,713228288
3680002,6197649440,12228152544,6183387136,713228288
3685003,8076255264,12228152544,5847744512,713228288
3690005,6577168632,12228152544,5644222464,713228288
3695009,6479634680,12228152544,5706203136,713228288
3700000,7741301176,12228152544,5804752896,718340096
3705008,6047457792,12228152544,5856608256,718340096
3710005,10829423296,12228152544,5482315776,718340096
3715003,7785046648,12228152544,5199429632,718340096
3720010,8874484392,12228152544,4958928896,718340096
3725001,6987965408,12228152544,5202378752,718340096
3730000,9594086368,12228152544,5708726272,718340096
3735006,9184011424,12228152544,4695752704,718340096
3740008,8196891832,12228152544,5379768320,718340096
3745002,6774465768,12228152544,5897617408,725549056
3750000,8754636176,12228152544,5884559360,725549056
3755009,9090557352,12228152544,5259853824,725549056
3760003,6361425608,12228152544,5809946624,725549056
3765008,6702409416,12228152544,6021890048,725549056
3770008,6105180088,12228152544,5857525760,725549056
3775008,6787295160,12228152544,5845270528,717160448
3780010,8052910296,12228152544,5947588608,717160448
3785010,7378348248,12228152544,5565595648,972488704
3790010,6539667672,12228152544,5991530496,1326972928
3795004,6707866128,12228152544,6424723456,1301807104
3800007,6559345168,12228152544,6138494976,1293418496
3805001,6694284104,12228152544,6725746688,1276641280
3810005,6660205360,12228152544,6007832576,1268252672
3815009,9531567112,12228152544,6103597056,1251475456
3820002,7540009992,12228152544,5861376000,1243086848
3825000,6426733816,12228152544,6073565184,1227358208
3830007,6862286096,12228152544,6187515904,1218969600
3835000,8273177872,12228152544,5583159296,1241972736
3840010,7442263480,12228152544,6547390464,1241972736
3845009,7534472920,12228152544,6728646656,1235222528
3850000,9568186072,12228152544,5707153408,1226833920
3855010,6515257240,12228152544,6506053632,1218445312
3860000,7256879000,12228152544,6516932608,1218445312
3865007,7589834888,12228152544,5353095168,1210056704
3870010,6545535112,12228152544,5891571712,1201668096
3875010,8275832968,12228152544,5817860096,1201668096
3880010,5842809208,12228152544,5707808768,1188167680
3885009,9396695416,12228152544,4988125184,1188167680
3890005,6243168800,12228152544,6252888064,1171390464
3895010,6534525472,12228152544,5893423104,1171390464
3900010,8632120176,12228152544,6404620288,1171390464
3905003,6839137112,12228152544,6672990208,1163001856
3910002,7385740360,12228152544,6007013376,1163001856
3915010,6477034568,12228152544,6551486464,1154613248
3920010,7135655248,12228152544,6490161152,1154613248
3925006,7155676472,12228152544,6118473728,1146224640
3930010,7637038704,12228152544,6737674240,1146224640
3935010,6457095768,12228152544,6178881536,1139474432
3940010,5687949056,12228152544,6427459584,1139474432
3945009,7551137560,12228152544,6484901888,1139474432
3950000,6302595104,12228152544,6070845440,1139474432
3955006,6915356704,12228152544,6200442880,1131085824
3960010,5990332592,12228152544,6387007488,1129054208
3965000,7346502024,12228152544,6388072448,1129054208
3970004,6444546560,12228152544,6385041408,1127677952
3975009,6532168408,12228152544,6878904320,1127743488
3980002,7066548976,12228152544,6143655936,1127743488
3985008,6998588336,12228152544,5718835200,1119354880
3990010,6426541000,12228152544,6117818368,1102577664
3995010,6333103288,12228152544,6522126336,1107361792
4000009,6846545104,12228152544,6304628736,1100152832
4005003,6016007568,12228152544,6890799104,1100152832
4010010,8375303832,12228152544,6415024128,1091764224
4015009,7453392536,12228152544,6238486528,1091764224
4020008,7009582984,12228152544,5667667968,1091764224
4025010,6279626656,12228152544,6144229376,1091764224
4030000,8707309664,12228152544,5972606976,1083375616
4035008,6300483848,12228152544,6505742336,1083375616
4040009,5983797776,12228152544,6758940672,1074987008
4045010,5952619024,12228152544,6399066112,1074987008
4050011,7644611256,12228152544,6302154752,1066598400
4055009,6853985048,12228152544,6437814272,1066598400
4060001,6742918032,12228152544,5680726016,1066598400
4065008,7576208344,12228152544,5554307072,1066598400
4070010,6905791640,12228152544,6156517376,1066598400
4075006,7052379624,12228152544,6832259072,1066598400
4080006,6836372968,12228152544,6280331264,1058209792
4085010,7152223864,12228152544,6365888512,1058209792
4090010,6364727120,12228152544,6182256640,1058209792
4095009,6550882128,12228152544,6286163968,1058603008
4100010,5859526720,12228152544,6113394688,1058603008
4105006,6808520816,12228152544,6101663744,1058603008
4110008,7281117536,12228152544,6725566464,1058603008
4115010,6316657232,12228152544,7386382336,1058603008
4120010,6461835856,12228152544,6200950784,1082589184
4125004,5878909712,12228152544,6253969408,1066467328
4130007,6356126480,12228152544,5835440128,1066467328
4135004,6109432880,12228152544,6122979328,1066467328
4140010,6796266544,12228152544,6137020416,1066467328
4145010,6399724880,12228152544,6376669184,1066467328
4150010,5748248128,12228152544,6591004672,1073348608
4155004,7138152000,12228152544,6307479552,1073348608
4160009,6232313648,12228152544,5963726848,1064960000
4165004,6548803376,12228152544,6116884480,1064960000
4170003,5600546896,12228152544,6176899072,1064960000
4175009,7052415056,12228152544,6208208896,1072955392
4180010,6279680272,12228152544,6119620608,1072955392
4185009,6065345024,12228152544,6425280512,1073414144
4190009,6949720864,12228152544,5951422464,1065025536
4195009,6137844512,12228152544,5852725248,1071710208
4200005,6620156704,12228152544,5841371136,1071710208
4205010,6716052376,12228152544,5994627072,1071448064
4210010,8048874392,12228152544,5960384512,1071448064
4215005,6143186008,12228152544,6445187072,1071448064
4220005,807484128,12228152544,6742802432,895287296
4225010,6254362576,12228152544,8625913856,878510080
4230010,4103980712,12228152544,8423391232,878510080
4235010,7097715280,12228152544,9257091072,878510080
4240010,4087549696,12228152544,9759817728,878510080
4245006,4059353936,12228152544,10527621120,878510080
4250010,4089681944,12228152544,10101702656,878510080
4255010,4048247840,12228152544,11441635328,878510080
4260010,4098203808,12228152544,11522228224,878510080
4265000,6802269232,12228152544,11279695872,878510080
4270003,4057688048,12228152544,11366645760,861732864
4275005,4046334848,12228152544,11548917760,861732864
4280000,4047072872,12228152544,11357552640,861732864
4285010,4068258344,12228152544,11506024448,861732864
4290005,4045141240,12228152544,11215634432,861732864
4295010,7325579376,12228152544,10309009408,861732864
4300002,4034608104,12228152544,10603577344,861732864
4305003,4035215008,12228152544,11091197952,861732864
4310010,4039852592,12228152544,11394662400,861732864
4315004,4040426800,12228152544,10808180736,853344256
4320000,7547160720,12228152544,10257219584,853344256
4325010,4035578912,12228152544,10722492416,853344256
4330000,4036284216,12228152544,10993319936,853344256
4335000,4034958120,12228152544,11325145088,853344256
4340000,4035565024,12228152544,11054170112,853344256
4345007,4036188360,12228152544,11634376704,853344256
4350009,4058340176,12228152544,11339792384,922025984
4355001,4058225488,12228152544,11169939456,922025984
4360010,4042923048,12228152544,10741432320,925958144
4365000,4042857512,12228152544,11236032512,917569536
4370010,4059061480,12228152544,11178819584,917569536
4375010,5944679824,12228152544,11519442944,917569536
4380005,4051344784,12228152544,11064229888,917569536
4385002,4041481616,12228152544,11446337536,917569536
4390002,4048789072,12228152544,11401281536,909180928
4395010,4048789072,12228152544,10909433856,884015104
4400006,7196991224,12228152544,10428940288,884015104
4405010,4042596088,12228152544,11092901888,884015104
4410007,4042596088,12228152544,11198660608,884015104
4415010,4056276896,12228152544,11185487872,875626496
4420002,4056276896,12228152544,10772299776,875626496
4425009,4056276896,12228152544,11118510080,875626496
4430010,4052262960,12228152544,11291967488,875626496
4435010,4052262960,12228152544,10718691328,875626496
4440010,4052262960,12228152544,11000987648,875626496
4445006,4034961456,12228152544,11622301696,867237888
4450010,4056490200,12228152544,10826743808,867237888
4455010,4056490200,12228152544,10651254784,867237888
4460010,4056490200,12228152544,10988863488,867237888
4465001,7280681320,12228152544,10557161472,867237888
4470010,4062830952,12228152544,10786488320,867237888
4475010,4062830952,12228152544,10691477504,867237888
4480010,4062830952,12228152544,10973626368,858849280
4485010,4049887760,12228152544,11223859200,858849280
4490010,4049887760,12228152544,10738991104,858849280
4495010,4049887760,12228152544,10804527104,850460672
4500010,4049887760,12228152544,11266883584,850460672
4505010,4058473144,12228152544,11203297280,850460672
4510010,4058473144,12228152544,10865688576,850460672
4515008,4058473144,12228152544,11030364160,850460672
4520010,4058473144,12228152544,11643158528,850460672
4525010,4049953632,12228152544,11338498048,850460672
4530004,4049953632,12228152544,10899570688,850460672
4535010,4049953632,12228152544,11004919808,850460672
4540000,7454483464,12228152544,10308501504,876675072
4545007,4055688200,12228152544,11041144832,876675072
4550010,4055688200,12228152544,10835410944,876675072
4555010,4055688200,12228152544,11128553472,868286464
4560002,6650209288,12228152544,10711941120,868286464
4565010,3158664632,12228152544,11747508224,868286464
4570002,3595560976,12228152544,11251187712,868286464
4575001,3732630168,12228152544,11223728128,868286464
4580000,3982830856,12228152544,11541790720,868286464
4585001,4981436280,12228152544,11489656832,868286464
4590010,4542312912,12228152544,11367415808,868286464
4595009,4604916656,12228152544,10832478208,859897856
4600001,4721390992,12228152544,10770399232,859897856
4605000,5372950384,12228152544,10877517824,859897856
4610002,6792952096,12228152544,11038474240,859897856
4615000,6743964488,12228152544,10863476736,859897856
4620009,6182534368,12228152544,9745252352,859897856
4625003,6211649120,12228152544,7651377152,860225536
4630007,6209716264,12228152544,8091058176,860225536
4635001,6217466256,12228152544,7895810048,874512384
4640010,6328779440,12228152544,8921808896,874512384
4645006,6776800232,12228152544,7450165248,866123776
4650000,5431035264,12228152544,6853148672,866123776
4655003,5718951632,12228152544,7562625024,866910208
4660002,7557384152,12228152544,8554397696,867303424
4665008,6498175224,12228152544,7285096448,858914816
4670007,7214025264,12228152544,7239417856,858914816
4675003,6867569800,12228152544,7820738560,859308032
4680000,7994251160,12228152544,10539958272,868548608
4685001,7203298664,12228152544,11531157504,1859780608
4690010,8128160928,12228152544,11379113984,1941110784
4695010,7150841320,12228152544,11651547136,1944846336
4700005,7244755632,12228152544,11484692480,1980628992
4705009,6942374280,12228152544,11551784960,2112552960
4710000,7618347224,12228152544,11589173248,2104164352
4715008,7318046760,12228152544,11664654336,2096300032
4720010,7069798024,12228152544,11642470400,2096300032
4725007,7262556288,12228152544,11087577088,2071134208
4730000,8623264328,12228152544,9968910336,2062745600
4735007,7291442192,12228152544,11287347200,2054553600
4740000,8060868032,12228152544,11414241280,2046164992
4745000,7530714776,12228152544,10321723392,2029387776
4750009,7426119464,12228152544,7071318016,2028339200
4755010,9163528408,12228152544,10233544704,1986330624
4760009,7167023704,12228152544,11703533568,1986330624
4765000,8186436496,12228152544,9491841024,1986330624
4770010,7909186736,12228152544,11262050304,1989476352
4775010,7579737432,12228152544,10610622464,1972699136
4780003,8123489936,12228152544,9922543616,1939144704
4785009,7633706736,12228152544,10780852224,1939144704
4790009,8034082832,12228152544,9201451008,1930756096
4795003,7686676736,12228152544,11010883584,1930756096
4800009,7616274928,12228152544,10381967360,1935474688
4805010,7603020560,12228152544,11281072128,1935474688
4810009,7582114768,12228152544,10799333376,1935474688
4815004,8260592880,12228152544,11075600384,1935474688
4820002,7617734016,12228152544,10351034368,1901920256
4825001,9158420224,12228152544,10103570432,1885143040
4830009,7334717280,12228152544,11157864448,1885470720
4835007,8352737432,12228152544,10348298240,1885470720
4840010,7521954040,12228152544,10486890496,1868693504
4845001,8598628984,12228152544,9631383552,1868693504
4850009,7557589720,12228152544,10429054976,1860304896
4855009,9096899576,12228152544,10621583360,1860304896
4860010,8297983064,12228152544,9190801408,1860304896
4865008,8182754608,12228152544,10257465344,1860304896
4870007,7089090008,12228152544,9226567680,1835139072
4875003,7264055008,12228152544,10632200192,1835139072
4880009,7169994560,12228152544,9930457088,1835139072
4885010,8257892376,12228152544,10610688000,1826750464
4890010,7537127544,12228152544,10483073024,1831010304
4895010,7446327608,12228152544,10337878016,1831010304
4900003,7556657584,12228152544,8877522944,1831010304
4905010,7649342088,12228152544,10597433344,1831010304
4910001,7826895736,12228152544,7399489536,1822621696
4915009,7453209656,12228152544,10628661248,1822621696
4920009,8540468424,12228152544,7009878016,1822621696
4925010,8499705200,12228152544,10435837952,1822621696
4930010,8164193864,12228152544,8269840384,1814233088
4935004,7491942056,12228152544,10249027584,1805844480
4940000,9234904888,12228152544,10421288960,1805844480
4945002,7903737704,12228152544,10233610240,1805844480
4950009,8172435496,12228152544,10843865088,1805844480
4955005,7572486256,12228152544,9024749568,1805844480
4960009,7463303448,12228152544,10834788352,1805844480
4965000,8350382624,12228152544,10177314816,1805844480
4970008,7424785024,12228152544,10546741248,1797455872
4975010,8176941984,12228152544,10883973120,1797455872
4980002,7452605440,12228152544,10158833664,1797455872
4985010,7534017776,12228152544,10995286016,1797455872
4990007,7916993920,12228152544,8659222528,1797455872
4995010,7644413384,12228152544,11095703552,1789067264
5000010,9076358744,12228152544,10899079168,1789067264
5005002,7743536872,12228152544,10437836800,1789067264
5010010,7775338432,12228152544,10810540032,1789067264
5015003,8307949696,12228152544,6901219328,1772290048
5020010,7714160792,12228152544,10201448448,1772290048
5025006,8438104360,12228152544,10291658752,1772290048
5030008,7877673352,12228152544,9791520768,1772290048
5035009,7852950064,12228152544,10490675200,1772290048
5040010,10267263656,12228152544,10372628480,1763901440
5045007,8882848544,12228152544,9999073280,1763901440
5050007,8990835632,12228152544,10545545216,1763901440
5055010,9598534648,12228152544,10276995072,1763901440
5060004,8339981424,12228152544,7701364736,1763901440
5065008,8232649912,12228152544,10245865472,1763901440
5070000,8679982432,12228152544,10531946496,1763901440
5075010,9799779848,12228152544,7932968960,1755512832
5080006,9955280416,12228152544,9486778368,1663238144
5085010,10580772408,12228152544,8379318272,1654849536
5090008,10617849496,12228152544,8598208512,1654849536
5095007,10706667160,12228152544,7628390400,1654849536
5100005,10374579888,12228152544,8841871360,1654849536
5105012,10740041416,12228152544,8354512896,1646460928
5110007,10918971104,12228152544,7847510016,1646460928
5115000,10895673056,12228152544,7853539328,1646460928
5120010,10972595960,12228152544,8160100352,1646460928
5125011,10909091576,12228152544,7857602560,1646460928
5130011,11094853416,12228152544,8517206016,1646460928
5135010,11028367144,12228152544,8468430848,1646460928
5140003,11028580136,12228152544,8146223104,1646460928
5145010,10972350272,12228152544,8346550272,1646460928
5150006,10456795088,12228152544,6442500096,1646460928
5155010,9848080576,12228152544,9585934336,1646460928
5160000,9907456552,12228152544,9709649920,1646460928
5165000,10996845552,12228152544,7784562688,1646460928
5170006,10338929864,12228152544,9362178048,1646460928
5175010,10308390424,12228152544,9634496512,1646460928
5180010,11823583152,12228152544,9446211584,1646460928
5185000,12529389968,12548215112,8960163840,1646460928
5190000,10539569816,12679025112,9267281920,1646460928
5195007,10598831152,12679025112,9551183872,1638072320
5200006,10995357104,12679025112,9904799744,1638072320
5205010,11208644544,12679025112,8986787840,1638072320
5210000,10011367576,12679025112,9619079168,1629683712
5215006,10039532080,12679025112,10016899072,1629683712
5220000,10997308336,12679025112,9922854912,1629683712
5225000,12081683784,13137452360,8622768128,1629683712
5230000,11040513640,13137452360,9830137856,1629683712
5235000,11135377480,13137452360,10006183936,1629683712
5240009,11087094240,13137452360,9912549376,1629683712
5245010,11788542480,13137452360,9960833024,1612906496
5250004,11423883936,13137452360,6732972032,1596129280
5255003,10688062112,13137452360,9656729600,1596129280
5260003,11521343096,13137452360,9489989632,1587740672
5265000,10569014560,13137452360,9668853760,1587740672
5270002,10567542280,13137452360,9625927680,1587740672
5275000,9451857608,13137452360,11289985024,1579352064
5280000,9860458160,13137452360,9341157376,1579352064
5285001,9949931184,13137452360,8564752384,1579352064
5290010,10017105608,13137452360,8185856000,1579352064
5295010,10152814280,13137452360,9223061504,1570963456
5300010,10131908296,13137452360,8514879488,1570963456
5305010,10729318232,13137452360,8519516160,1570963456
5310009,10478020560,13137452360,7732297728,1570963456
5315010,8795662240,13137452360,4712382464,1570963456
5320010,8719837088,13137452360,4664279040,1570963456
5325010,9391597520,13137452360,8761294848,1570963456
5330010,9338120144,13137452360,8601468928,1570963456
5335010,9356928976,13137452360,8474394624,1570963456
5340010,8601954256,13137452360,8967110656,1570963456
5345010,9443452904,13137452360,10671521792,1570963456
5350009,9254709320,13137452360,6076874752,1570963456
5355010,9759778888,13137452360,7323009024,1570963456
5360012,9821268064,13137452360,7246708736,1570963456
5365003,9378965600,13137452360,7952973824,1570963456
5370010,9126193056,13137452360,10639015936,1537409024
5375002,8413915040,13137452360,11487297536,1537409024
5380010,9105238136,13137452360,9990094848,1537409024
5385010,8401233992,13137452360,10707533824,1537409024
5390010,9019729992,13137452360,11335467008,1537409024
5395010,8504502512,13137452360,9574629376,1537409024
5400001,8468605168,13137452360,11287003136,1537409024
5405000,9172560232,13137452360,7084539904,1537409024
5410010,8447617384,13137452360,11194728448,1537409024
5415006,9781783008,13137452360,11023482880,1537409024
5420010,8493574528,13137452360,10817552384,1529020416
5425010,9613257112,13137452360,10913693696,1529020416
5430008,8458611120,13137452360,10578411520,1529020416
5435010,8978196912,13137452360,11288723456,1529020416
5440010,8481450488,13137452360,9591537664,1529020416
5445010,8453073400,13137452360,11051794432,1529020416
5450004,9061493384,13137452360,6911934464,1529020416
5455009,8487529072,13137452360,10931290112,1529020416
5460005,9038752488,13137452360,6365429760,1529020416
5465000,8458349264,13137452360,10961108992,1529020416
5470006,8956226352,13137452360,6928154624,1529020416
5475004,8443144960,13137452360,10833559552,1529020416
5480000,8979016568,13137452360,8607170560,1529020416
5485010,8357522248,13137452360,10555572224,1529020416
5490000,6845442984,13137452360,7525761024,1520631808
5495010,1122062160,13137452360,6138691584,726925312
5497875,2694413240,13137452360,6243467264,710148096
