timestamp_ms,phys_footprint,phys_footprint_peak
0,11534336,13631488
5543,123731968,123731968
11001,305135616,305135616
16461,313524224,314572800
21969,316669952,316669952
27448,324009984,324009984
33039,326107136,330301440
38543,350224384,350224384
44091,358612992,358612992
49580,386924544,393216000
55064,414187520,414187520
60601,462422016,462422016
66364,531628032,551550976
72042,743440384,743440384
77731,907018240,907018240
83408,1039138816,1039138816
89091,1104150528,1109393408
94749,1245708288,1245708288
100473,1420820480,1434451968
106095,1862270976,1924136960
111777,1941962752,2199912448
117469,2418016256,2418016256
123126,2657091584,2657091584
128793,2624585728,2810183680
134463,2951741440,2953838592
140101,3297771520,3364880384
145752,3671064576,3825205248
151500,3955228672,4199546880
157110,4724883456,4724883456
162769,5302648832,5302648832
168476,5134876672,5321523200
174168,5469372416,5527044096
179953,5350883328,5527044096
185651,5154799616,5527044096
191309,5121245184,5527044096
196998,5467275264,5527044096
202693,5552209920,5609881600
208411,5373952000,5609881600
214147,5397020672,5609881600
219824,5070913536,5609881600
225549,5412749312,5609881600
231240,5088739328,5609881600
236902,5136973824,5609881600
242367,5294260224,5609881600
247888,5567938560,5740953600
253392,5740953600,5923405824
258906,5300551680,5923405824
264471,5451546624,5923405824
270067,5467275264,5923405824
275638,5554307072,5923405824
281224,5341446144,5923405824
286844,5700059136,5923405824
292447,5435817984,5923405824
297971,5403312128,5923405824
303515,5192548352,5923405824
309046,5545918464,5923405824
314572,5341446144,5923405824
320119,5093982208,6062866432
325637,5593104384,6062866432
331193,5691670528,6081740800
336791,5366611968,6081740800
342324,5675941888,6081740800
347858,5776605184,6081740800
353394,5519704064,6081740800
358921,5577375744,6081740800
364447,5413797888,6081740800
369991,5506072576,6081740800
375497,5898240000,6081740800
381032,5553258496,6189744128
386548,6106906624,6189744128
392110,5841616896,6239027200
397651,5812256768,6239027200
403203,5882511360,6239027200
408717,5625610240,6239027200
414263,5662310400,6239027200
419812,5868879872,6239027200
425388,6109003776,6360662016
430910,5746196480,6990856192
436462,6115295232,6990856192
442003,6200229888,7204765696
447551,6679429120,7204765696
453086,6490685440,7204765696
458655,6208618496,7204765696
464190,6859784192,7204765696
469748,5863636992,7204765696
475313,6183452672,7204765696
480854,5861539840,7204765696
486419,6174015488,7204765696
491948,6270484480,7204765696
497528,6779043840,7204765696
503046,6395265024,7258243072
508643,6143606784,7258243072
514177,6075449344,7258243072
519702,6390022144,7258243072
525261,7113539584,7258243072
530874,6092226560,7493124096
536450,7363100672,7493124096
542017,6315573248,7493124096
547589,6967787520,7493124096
553221,6595543040,7493124096
558941,6447693824,7493124096
564658,6707740672,7493124096
570401,6915358720,7493124096
575968,6198132736,7493124096
581529,6795821056,7493124096
587053,6353321984,7493124096
592620,6784286720,7493124096
598148,6577717248,7493124096
603650,6359613440,7493124096
609197,6070206464,7493124096
614718,6902775808,7493124096
620252,7035944960,7493124096
625780,6692012032,7493124096
631327,6749683712,7493124096
636884,6264193024,7493124096
642472,6606028800,7493124096
648037,6969884672,7493124096
653550,6791626752,7493124096
659073,7173308416,7493124096
664671,6953107456,7493124096
670202,6723469312,7493124096
675760,7898923008,7953448960
681310,6299844608,8090812416
686863,6830424064,8090812416
692409,6297747456,8090812416
697949,6239027200,8090812416
703513,6931087360,8090812416
709049,6847201280,8090812416
714578,6847201280,8090812416
720071,8174698496,8177844224
725626,8366587904,8366587904
731198,6387924992,8395948032
736766,6266290176,8395948032
742356,7858028544,8395948032
747929,6808403968,8395948032
753547,7294943232,8395948032
759093,7506755584,8395948032
764627,8240758784,8395948032
770160,7501512704,8395948032
775696,7462715392,8395948032
781227,7279214592,8395948032
786768,7147094016,8395948032
792321,6696206336,8395948032
797849,7125073920,8395948032
803392,6558842880,8395948032
808952,6827278336,8395948032
814479,7821328384,8395948032
820014,6768558080,8395948032
825521,7411335168,8817475584
831021,6590300160,8817475584
836553,8456765440,8817475584
842076,6639583232,8817475584
847588,6321864704,8817475584
853137,6901727232,8817475584
858693,7153385472,8817475584
864223,6561988608,8817475584
869747,7062159360,8817475584
875288,6999244800,8817475584
880800,7722762240,8817475584
886342,6836715520,8817475584
892053,8035237888,8981053440
897744,6809452544,8981053440
903442,6918504448,8981053440
909121,8043626496,9063890944
914818,8383365120,9063890944
920510,6513754112,9063890944
926210,6808403968,9063890944
931917,6543114240,9063890944
937625,6640631808,9063890944
943333,6830424064,9063890944
949069,6471811072,9063890944
954819,6817841152,9063890944
960555,6893338624,9063890944
966250,6755975168,9063890944
971928,6596591616,9063890944
977653,8130658304,9063890944
983351,6576668672,9063890944
989038,6600785920,9063890944
994757,6833569792,9063890944
1000511,6378487808,9063890944
1006249,6698303488,9063890944
1011934,6797918208,9063890944
1017684,6627000320,9063890944
1023420,7645167616,9063890944
1029140,7055867904,9063890944
1034849,6791626752,9063890944
1040524,7035944960,9063890944
1046201,7206862848,9063890944
1051970,6738149376,9063890944
1057682,6538919936,9063890944
1063389,7549747200,9063890944
1069157,6933184512,9063890944
1074865,7302283264,9063890944
1080605,6898581504,9063890944
1086365,6637486080,9063890944
1092089,7557087232,9063890944
1097808,7809794048,9063890944
1103524,6474956800,9063890944
1109286,6718226432,9063890944
1114983,7223640064,9063890944
1120748,6817841152,9063890944
1126431,6392119296,9063890944
1132150,8175747072,9586081792
1137886,7308574720,9586081792
1143669,8626634752,9586081792
1149341,6188695552,9586081792
1154989,7734296576,9586081792
1160701,7137656832,9586081792
1166398,6425673728,9586081792
1172052,6321864704,9586081792
1177782,6241124352,9586081792
1183486,7029653504,9586081792
1189185,6708789248,9586081792
1194928,6161432576,9586081792
1200669,6957301760,9586081792
1206391,7769948160,9586081792
1212111,7251951616,9586081792
1217808,7703887872,9586081792
1223509,7202668544,9586081792
1229254,6889144320,9586081792
1234976,6080692224,9586081792
1240635,5985271808,9586081792
1246421,6088032256,9586081792
1252122,6101663744,9586081792
1257891,7635730432,9586081792
1263676,6532628480,9586081792
1269428,6521094144,9586081792
1275195,6427770880,9586081792
1280901,6612320256,9586081792
1286567,7556038656,9586081792
1292256,7748976640,9586081792
1297888,6285164544,9586081792
1303602,6426722304,9586081792
1309288,6867124224,9586081792
1314986,6293553152,9586081792
1320711,5930745856,9586081792
1326404,6546259968,9586081792
1332081,6437208064,9586081792
1337766,6178209792,9586081792
1343584,6926893056,9586081792
1349332,5907677184,9586081792
1355058,6612320256,9586081792
1360750,6464471040,9586081792
1366495,6439305216,9586081792
1372245,7040139264,9586081792
1377883,7924088832,9586081792
1383424,6609174528,9586081792
1388972,6415187968,9586081792
1394529,6880755712,9586081792
1400053,7116685312,9586081792
1405593,6677331968,9586081792
1411132,6676283392,9586081792
1416661,6989807616,9586081792
1422197,7549747200,9586081792
1427727,6348079104,9586081792
1433252,7617904640,9586081792
1438788,6297747456,9586081792
1444342,7040139264,9586081792
1449938,6678380544,9586081792
1455458,6719275008,9586081792
1460987,7110393856,9586081792
1466522,6978273280,9586081792
1472058,6167724032,9586081792
1477599,6690963456,9586081792
1483099,6114246656,9586081792
1488601,6039797760,9586081792
1494121,5887754240,9586081792
1499666,7546601472,9586081792
1505173,8883535872,9586081792
1510708,7327449088,9586081792
1516217,7377780736,9586081792
1521755,8387559424,9586081792
1527318,7458521088,9586081792
1532872,7642021888,9586081792
1538465,8760852480,9586081792
1544020,7558135808,9586081792
1549577,8019509248,9586081792
1555150,7737442304,9586081792
1560724,6865027072,9586081792
1566266,7358906368,9586081792
1571885,7476346880,9586081792
1577423,6369050624,9586081792
1582999,8398045184,9586081792
1588585,8610906112,9586081792
1594126,6724517888,9586081792
1599665,7253000192,9586081792
1605233,7400849408,9586081792
1610770,6838812672,9586081792
1616323,7206862848,9586081792
1621866,6080692224,9586081792
1627423,7471104000,9586081792
1632964,8279556096,9586081792
1638494,8585740288,9586081792
1644211,8601468928,9586081792
1649764,7834959872,9586081792
1655315,7966031872,9586081792
1660861,8747220992,10061086720
1666399,7856979968,10061086720
1671928,5903482880,10061086720
1677472,6661603328,10061086720
1682997,6904872960,10061086720
1688581,6524239872,10061086720
1694189,7705985024,10061086720
1699871,7677673472,10061086720
1705525,6830424064,10061086720
1711214,7270825984,10061086720
1717076,6999244800,10061086720
1722794,6579814400,10061086720
1728477,7358906368,10061086720
1734155,7371489280,10061086720
1739845,6639583232,10061086720
1745527,6409945088,10061086720
1751799,6705643520,10061086720
1757461,6908018688,10061086720
1763161,7544504320,10061086720
1768899,6539968512,10061086720
1774589,6141509632,10061086720
1780264,6599737344,10061086720
1785966,7130316800,10061086720
1791665,6792675328,10061086720
1797384,7486832640,10061086720
1803074,6315573248,10061086720
1808758,7353663488,10061086720
1814415,6868172800,10061086720
1820113,7019167744,10061086720
1825807,7023362048,10061086720
1831476,6018826240,10061086720
1837200,6595543040,10061086720
1842866,6960447488,10061086720
1848525,6597640192,10061086720
1854209,7192182784,10061086720
1859905,6641680384,10061086720
1865558,6946816000,10061086720
1871231,6251610112,10061086720
1876941,6196035584,10061086720
1882684,7023362048,10061086720
1888308,6601834496,10061086720
1894040,7481589760,10061086720
1899754,6732906496,10061086720
1905446,6699352064,10061086720
1911169,7432306688,10061086720
1916888,7137656832,10061086720
1922636,7151288320,10061086720
1928307,6587154432,10061086720
1934039,7373586432,10061086720
1939765,6967787520,10061086720
1945430,5853151232,10061086720
1951126,7455375360,10061086720
1956791,6634340352,10061086720
1962516,7472152576,10061086720
1968234,7929331712,10061086720
1973947,7302283264,10061086720
1979680,7341080576,10061086720
1985330,6426722304,10061086720
1991002,6774849536,10061086720
1996703,6743392256,10061086720
2002333,6707740672,10061086720
2007991,7298088960,10061086720
2013649,6960447488,10061086720
2019326,6976176128,10061086720
2025076,7042236416,10061086720
2030783,6460276736,10061086720
2036416,7728005120,10061086720
2042134,6853492736,10061086720
2047819,6700400640,10061086720
2053626,7088373760,10061086720
2059331,6340739072,10061086720
2065027,7050625024,10061086720
2070643,6766460928,10061086720
2076386,7300186112,10061086720
2082070,7071596544,10061086720
2087743,7208960000,10061086720
2093467,7011827712,10061086720
2099155,6938427392,10061086720
2104846,7372537856,10061086720
2110517,9136242688,10061086720
2116215,8112832512,10061086720
2121880,7337934848,10061086720
2127556,6707740672,10061086720
2133209,6721372160,10061086720
2138944,7849639936,10061086720
2144598,6658457600,10061086720
2150275,6647971840,10061086720
2155944,7235174400,10061086720
2161669,7279214592,10061086720
2167380,6622806016,10061086720
2173102,7416578048,10061086720
2178815,6614417408,10061086720
2184514,7161774080,10061086720
2190186,6924795904,10061086720
2195937,7171211264,10061086720
2201619,6523191296,10061086720
2207307,7823425536,10061086720
2213006,6559891456,10061086720
2218696,7326400512,10061086720
2224402,7170162688,10061086720
2230054,6597640192,10061086720
2235745,6921650176,10061086720
2241447,7398752256,10061086720
2247090,6406799360,10061086720
2252761,7407140864,10061086720
2258399,7418675200,10061086720
2264135,6967787520,10061086720
2269821,6916407296,10061086720
2275587,7538212864,10061086720
2281235,7168065536,10061086720
2286921,6975127552,10061086720
2292569,8134852608,10061086720
2298288,7171211264,10061086720
2303930,7338983424,10061086720
2309634,7750025216,10061086720
2315301,8052015104,10061086720
2320991,7271874560,10061086720
2326646,6444548096,10061086720
2332321,8422162432,10061086720
2337979,7031750656,10061086720
2343713,7779385344,10061086720
2349421,6315573248,10061086720
2355084,7227834368,10061086720
2360767,10379853824,10379853824
2366423,9140436992,10737418240
2372155,7440695296,10737418240
2377813,6692012032,10737418240
2383497,8575254528,10737418240
2389183,6932135936,10737418240
2394875,8237613056,10737418240
2400547,6428819456,10737418240
2406205,7322206208,10737418240
2411888,9356443648,10737418240
2417638,7852785664,10737418240
2423348,8517582848,10737418240
2429152,8733589504,10737418240
2434841,7241465856,10737418240
2440556,7921991680,10737418240
2446296,8765046784,10737418240
2452036,7954497536,10737418240
2457736,7271874560,10737418240
2463375,7662993408,10737418240
2469044,7560232960,10737418240
2474735,6646923264,10737418240
2480414,7962886144,10737418240
2486105,6969884672,10737418240
2491792,6976176128,10737418240
2497487,8565817344,10737418240
2503179,6997147648,10737418240
2508851,8283750400,10737418240
2514531,7224688640,10737418240
2520234,6521094144,10737418240
2525839,9537847296,10737418240
2531483,7939817472,10737418240
2537093,6970933248,10737418240
2542767,8318353408,10737418240
2548456,7526678528,10737418240
2554168,10287579136,10737418240
2559834,8452571136,10737418240
2565555,7403995136,10737418240
2571224,6673137664,10737418240
2576883,9980346368,10737418240
2582537,9106882560,10737418240
2588235,7071596544,10737418240
2593932,7470055424,10737418240
2599631,6455033856,10737418240
2605334,6964641792,10737418240
2611038,7440695296,10737418240
2616646,6160384000,10737418240
2622346,6928990208,10737418240
2628086,7422869504,10737418240
2633738,6255804416,10737418240
2639330,6987710464,10737418240
2644983,7917797376,10737418240
2650674,6840909824,10737418240
2656362,6593445888,10737418240
2662018,7216300032,10737418240
2667652,6428819456,10737418240
2673313,7934574592,10737418240
2678972,7413432320,10737418240
2684730,6468665344,10737418240
2690419,8205107200,10737418240
2696085,6812598272,10737418240
2701763,7226785792,10737418240
2707401,7507804160,10737418240
2713126,6629097472,10737418240
2718774,7203717120,10737418240
2724428,8503951360,10737418240
2730111,8032092160,10737418240
2735796,7173308416,10737418240
2741431,7824474112,10737418240
2747165,6635388928,10737418240
2752783,7294943232,10737418240
2758475,6252658688,10737418240
2764200,6503268352,10737418240
2769921,7569670144,10737418240
2775553,6353321984,10737418240
2781232,7525629952,10737418240
2786840,10199498752,10737418240
2792542,9338617856,10737418240
2798217,8382316544,10737418240
2803926,6180306944,10737418240
2809598,8300527616,10737418240
2815333,7277117440,10737418240
2821031,6269435904,10737418240
2826768,6927941632,10737418240
2832460,7428112384,10737418240
2838182,6887047168,10737418240
2843898,6939475968,10737418240
2849561,7333740544,10737418240
2855236,6818889728,10737418240
2860982,7322206208,10737418240
2866759,7002390528,10737418240
2872412,6837764096,10737418240
2878114,6191841280,10737418240
2883827,6612320256,10737418240
2889454,7236222976,10737418240
2895176,6718226432,10737418240
2900890,7597981696,10737418240
2906574,6310330368,10737418240
2912209,6655311872,10737418240
2917925,6784286720,10737418240
2923593,6534725632,10737418240
2929290,6627000320,10737418240
2934942,7059013632,10737418240
2940577,6815744000,10737418240
2946269,7160725504,10737418240
2951935,6100615168,10737418240
2957598,6494879744,10737418240
2963247,7907311616,10737418240
2968936,6650068992,10737418240
2974618,7191134208,10737418240
2980287,6064963584,10737418240
2985963,7066353664,10737418240
2991598,7325351936,10737418240
2997312,6607077376,10737418240
3003020,7690256384,10737418240
3008705,9657384960,10737418240
3014468,8196718592,10737418240
3020162,6705643520,10737418240
3025893,7536115712,10737418240
3031578,6272581632,10737418240
3037307,7128219648,10737418240
3042973,6885998592,10737418240
3048692,7173308416,10737418240
3054382,8130658304,10737418240
3060120,7458521088,10737418240
3065802,6794772480,10737418240
3071451,7059013632,10737418240
3077111,6773800960,10737418240
3082803,8449425408,10737418240
3088483,6815744000,10737418240
3094180,6327107584,10737418240
3099892,6787432448,10737418240
3105594,7256145920,10737418240
3111305,6630146048,10737418240
3116970,7055867904,10737418240
3122674,6582960128,10737418240
3128331,6664749056,10737418240
3134049,6597640192,10737418240
3139759,6270484480,10737418240
3145436,6607077376,10737418240
3151149,7195328512,10737418240
3156867,6462373888,10737418240
3162562,7524581376,10737418240
3168302,6687817728,10737418240
3174057,7280263168,10737418240
3179739,6763315200,10737418240
3185474,6465519616,10737418240
3191171,6887047168,10737418240
3196882,6963593216,10737418240
3202579,7002390528,10737418240
3208206,7154434048,10737418240
3213943,6687817728,10737418240
3219634,7769948160,10737418240
3225351,6658457600,10737418240
3231084,7737442304,10737418240
3236732,7843348480,10737418240
3242434,7400849408,10737418240
3248134,6140461056,10737418240
3253907,7140802560,10737418240
3259590,7141851136,10737418240
3265206,7198474240,10737418240
3270911,6522142720,10737418240
3276615,8628731904,10737418240
3282325,7412383744,10737418240
3288081,7342129152,10737418240
3293745,7008681984,10737418240
3299421,6893338624,10737418240
3305114,8021606400,10737418240
3310795,7041187840,10737418240
3316466,6751780864,10737418240
3322151,6783238144,10737418240
3327879,9279897600,10737418240
3333536,8644460544,10737418240
3339218,7920943104,10737418240
3344928,6948913152,10737418240
3350625,7553941504,10737418240
3356322,7042236416,10737418240
3362059,6458179584,10737418240
3367812,6552551424,10737418240
3373481,7662993408,10737418240
3379149,6107955200,10737418240
3384878,7141851136,10737418240
3390593,6476005376,10737418240
3396296,6833569792,10737418240
3401978,7265583104,10737418240
3407697,7078936576,10737418240
3413390,8079278080,10737418240
3419057,6721372160,10737418240
3424755,6526337024,10737418240
3430497,5896142848,10737418240
3436226,6933184512,10737418240
3441906,9813622784,10737418240
3447541,9532604416,10737418240
3453224,8920236032,10737418240
3458913,8455716864,10737418240
3464584,7723810816,10737418240
3470273,6262095872,10737418240
3475965,7094665216,10737418240
3481668,6011486208,10737418240
3487296,8905555968,10737418240
3492988,7170162688,10737418240
3498692,6925844480,10737418240
3504362,6975127552,10737418240
3509987,7146045440,10737418240
3515725,6640631808,10737418240
3521388,6958350336,10737418240
3527121,6386876416,10737418240
3532771,6998196224,10737418240
3538448,7048527872,10737418240
3544112,7688159232,10737418240
3549831,6590300160,10737418240
3555512,7438598144,10737418240
3561215,6573522944,10737418240
3566930,7031750656,10737418240
3572661,5996806144,10737418240
3578308,6487539712,10737418240
3584012,7179599872,10737418240
3589686,7204765696,10737418240
3595417,7047479296,10737418240
3601102,6811549696,10737418240
3606849,6702497792,10737418240
3612535,7304380416,10737418240
3618240,6890192896,10737418240
3623965,6144655360,10737418240
3629622,7491026944,10737418240
3635376,6822035456,10737418240
3641048,6395265024,10737418240
3646762,6783238144,10737418240
3652423,7117733888,10737418240
3658098,7094665216,10737418240
3663805,8493465600,10737418240
3669500,7202668544,10737418240
3675182,7726956544,10737418240
3680892,6615465984,10737418240
3686599,8518631424,10737418240
3692368,8096055296,10737418240
3698050,6590300160,10737418240
3703711,9536798720,10737418240
3709410,8718909440,10737418240
3715147,6529482752,10737418240
3720832,7328497664,10737418240
3726511,6292504576,10737418240
3732142,6213861376,10737418240
3737746,6331301888,10737418240
3743420,9062842368,10737418240
3749078,7487881216,10737418240
3754834,7275020288,10737418240
3760536,8714715136,10737418240
3766211,7798259712,10737418240
3771869,7010779136,10737418240
3777517,7348420608,10737418240
3783242,8557428736,10737418240
3788928,7820279808,10737418240
3794644,7528775680,10737418240
3800356,6498025472,10737418240
3806004,7642021888,10737418240
3811724,6854541312,10737418240
3817462,8653897728,10737418240
3823181,7514095616,10737418240
3828827,6642728960,10737418240
3834504,8238661632,10737418240
3840185,6667894784,10737418240
3845868,7650410496,10737418240
3851604,6690963456,10737418240
3857364,7747928064,10737418240
3863013,6735003648,10737418240
3868700,8113881088,10737418240
3874380,6948913152,10737418240
3880067,9112125440,10737418240
3885759,8320450560,10737418240
3891429,6721372160,10737418240
3897136,9657384960,10737418240
3902869,8793358336,10737418240
3908520,7033847808,10737418240
3914224,6567231488,10737418240
3919888,6325010432,10737418240
3925622,6311378944,10737418240
3931355,5823791104,10737418240
3937045,6255804416,10737418240
3942738,6450839552,10737418240
3948468,7085228032,10737418240
3954173,6561988608,10737418240
3959855,7949254656,10737418240
3965517,8716812288,10737418240
3971223,8177844224,10737418240
3976902,7789871104,10737418240
3982559,6945767424,10737418240
3988192,7228882944,10737418240
3993850,6513754112,10737418240
3999529,8765046784,10737418240
4005261,7946108928,10737418240
4010964,9483321344,10737418240
4016648,9226420224,10737418240
4022351,8309964800,10737418240
4028095,7086276608,10737418240
4033808,9239003136,10737418240
4039512,8675917824,10737418240
4045146,7527727104,10737418240
4050860,7879000064,10737418240
4056543,8509194240,10737418240
4062237,8624537600,10737418240
4067896,7460618240,10737418240
4073531,7927234560,10737418240
4079280,9925820416,10737418240
4084927,8417968128,10737418240
4090639,7442792448,10737418240
4096395,6894387200,10737418240
4102044,6826229760,10737418240
4107678,7202668544,10737418240
4113331,7396655104,10737418240
4119022,8043626496,10737418240
4124663,7245660160,10737418240
4130339,8562671616,10737418240
4135978,8703180800,10737418240
4141661,9428795392,10737418240
4147365,8825864192,10737418240
4153053,7881097216,10737418240
4158720,7538212864,10737418240
4164440,7320109056,10737418240
4170185,7004487680,10737418240
4175859,7063207936,10737418240
4181522,7416578048,10737418240
4187192,8312061952,10737418240
4192886,7455375360,10737418240
4198583,7693402112,10737418240
4204245,7973371904,10737418240
4209959,9408872448,10737418240
4215655,7946108928,10737418240
4221331,7564427264,10737418240
4227012,9752805376,10737418240
4232628,8377073664,10737418240
4238412,9302966272,10737418240
4244065,11811160064,11811160064
4249735,10103029760,11811160064
4255407,7401897984,11811160064
4261093,10737418240,11811160064
4266803,10737418240,11811160064
4272442,9856614400,11811160064
4278149,10434379776,11811160064
4283794,10200547328,11811160064
4289435,9069133824,11811160064
4295172,10235150336,11811160064
4300836,9909043200,11811160064
4306571,8419016704,11811160064
4312228,10085203968,11811160064
4317843,8949596160,11811160064
4323568,9655287808,11811160064
4329218,10246684672,11811160064
4334851,8416919552,11811160064
4340514,9535750144,11811160064
4346179,9060745216,11811160064
4351918,9761193984,11811160064
4357657,9580838912,11811160064
4363333,10737418240,11811160064
4369077,10737418240,11811160064
4374742,9119465472,11811160064
4380410,7056916480,11811160064
4386095,10737418240,11811160064
4391817,10737418240,11811160064
4397552,10737418240,11811160064
4403301,10376708096,11811160064
4408989,8022654976,11811160064
4414731,7985954816,11811160064
4420540,8318353408,11811160064
4426236,7756316672,11811160064
4431963,8966373376,11811160064
4437675,9919528960,11811160064
4443360,8314159104,11811160064
4449081,9515827200,11811160064
4454768,10098835456,11811160064
4460488,10737418240,11811160064
4466194,9835642880,11811160064
4471870,7809794048,11811160064
4477664,8717860864,11811160064
4483371,7513047040,11811160064
4489189,9051308032,11811160064
4494956,8589934592,11811160064
4500669,9444524032,11811160064
4506384,9156165632,11811160064
4512067,8265924608,11811160064
4517743,8542748672,11811160064
4523433,7812939776,11811160064
4529129,8926527488,11811160064
4534825,8182038528,11811160064
4540555,8012169216,11811160064
4546283,9628024832,11811160064
4552059,8084520960,11811160064
4557792,8835301376,11811160064
4563447,8840544256,11811160064
4569147,8690597888,11811160064
4574874,9375318016,11811160064
4580549,7661944832,11811160064
4586275,7263485952,11811160064
4591996,9491709952,11811160064
4597702,7626293248,11811160064
4603431,8442085376,11811160064
4609213,8439988224,11811160064
4614898,7907311616,11811160064
4620666,7979663360,11811160064
4626424,8722055168,11811160064
4632085,7275020288,11811160064
4637831,8270118912,11811160064
4643529,7678722048,11811160064
4649215,8453619712,11811160064
4654943,9480175616,11811160064
4660598,8335130624,11811160064
4666316,7809794048,11811160064
4671998,8782872576,11811160064
4677684,7842299904,11811160064
4683412,8040480768,11811160064
4689071,8783921152,11811160064
4694797,8554283008,11811160064
4700495,8751415296,11811160064
4706147,9190768640,11811160064
4711858,8208252928,11811160064
4717555,9178185728,11811160064
4723188,7845445632,11811160064
4728955,8522825728,11811160064
4734680,11811160064,11811160064
4740416,11811160064,12884901888
4746126,9422503936,12884901888
4751849,8018460672,12884901888
4757549,10195304448,12884901888
4763207,9495904256,12884901888
4768842,9603907584,12884901888
4774577,8901361664,12884901888
4780285,8507097088,12884901888
4786017,7435452416,12884901888
4791750,7413432320,12884901888
4797390,8290041856,12884901888
4803122,9483321344,12884901888
4808834,9507438592,12884901888
4814523,8428453888,12884901888
4820238,7720665088,12884901888
4825953,7714373632,12884901888
4831607,8750366720,12884901888
4837247,8652849152,12884901888
4842926,7785676800,12884901888
4848769,7977566208,12884901888
4854497,9274654720,12884901888
4860200,9565110272,12884901888
4865910,9353297920,12884901888
4871598,8649703424,12884901888
4877287,8251244544,12884901888
4882994,8613003264,12884901888
4888648,9239003136,12884901888
4894327,8316256256,12884901888
4899928,8638169088,12884901888
4905469,8733589504,12884901888
4911031,9333374976,12884901888
4916589,8492417024,12884901888
4922211,9364832256,12884901888
4927777,9923723264,12884901888
4933340,10737418240,12884901888
4938876,9697230848,12884901888
4944682,10350493696,12884901888
4950275,10737418240,12884901888
4955834,10001317888,12884901888
4961384,8207204352,12884901888
4966978,8414822400,12884901888
4972555,10737418240,12884901888
4978134,9975103488,12884901888
4983719,10737418240,12884901888
4989269,10090446848,12884901888
4994814,9716105216,12884901888
5000370,7850688512,12884901888
5005918,7983857664,12884901888
5011472,9219080192,12884901888
5017022,10737418240,12884901888
5022604,9035579392,12884901888
5028193,9341763584,12884901888
5033743,9164554240,12884901888
5039293,9339666432,12884901888
5044838,8414822400,12884901888
5050385,9949937664,12884901888
5055953,10737418240,12884901888
5061527,8911847424,12884901888
5067107,10737418240,12884901888
5072653,10737418240,12884901888
5078209,10737418240,12884901888
5083796,9749659648,12884901888
5089363,9537847296,12884901888
5094911,10737418240,12884901888
5100438,9846128640,12884901888
5106004,10737418240,12884901888
5111553,10737418240,12884901888
5117104,9921626112,12884901888
5122634,9219080192,12884901888
5128202,10737418240,12884901888
5133748,10737418240,12884901888
5139303,11811160064,12884901888
5144845,10737418240,12884901888
5150444,10737418240,12884901888
5156021,10737418240,12884901888
5161567,11811160064,12884901888
5167110,11811160064,12884901888
5172647,10051649536,12884901888
5178214,10279190528,12884901888
5183765,10737418240,12884901888
5189344,11811160064,12884901888
5194904,11811160064,12884901888
5200444,9830400000,12884901888
5206008,9268363264,12884901888
5211554,8319401984,12884901888
5217114,7958691840,12884901888
5222662,7420772352,12884901888
5228277,7363100672,12884901888
5233824,7379877888,12884901888
5239391,8336179200,12884901888
5244944,8217690112,12884901888
5250484,7524581376,12884901888
5256049,8758755328,12884901888
5261603,8786018304,12884901888
5267140,8974761984,12884901888
5272678,8998879232,12884901888
5278219,7724859392,12884901888
5283793,7983857664,12884901888
5289332,8798601216,12884901888
5294877,8815378432,12884901888
5300408,8412725248,12884901888
5305961,8476688384,12884901888
5311516,8111783936,12884901888
5317051,8295284736,12884901888
5322600,9333374976,12884901888
5328211,7890534400,12884901888
5333760,7928283136,12884901888
5339327,8070889472,12884901888
5344872,8818524160,12884901888
5350404,8196718592,12884901888
5355975,10013900800,12884901888
5361664,11811160064,12884901888
5367360,10737418240,12884901888
5373047,10737418240,12884901888
5378703,9801039872,12884901888
5384373,8223981568,12884901888
5390058,7466909696,12884901888
5395725,11811160064,12884901888
5401427,10737418240,12884901888
5407126,10112466944,12884901888
5412812,8451522560,12884901888
5418536,7618953216,12884901888
5424213,8186232832,12884901888
5429933,8868855808,12884901888
5435551,9680453632,12884901888
5441213,9009364992,12884901888
5446942,8312061952,12884901888
5452634,7678722048,12884901888
5458256,8581545984,12884901888
5463978,8223981568,12884901888
5469690,8228175872,12884901888
5475369,9436135424,12884901888
5481060,9002024960,12884901888
5486748,9067036672,12884901888
5492424,10320084992,12884901888
5498106,8965324800,12884901888
5503833,9229565952,12884901888
5509529,9618587648,12884901888
5515170,10737418240,12884901888
5520863,10358882304,12884901888
5526528,9513730048,12884901888
5532215,8436842496,12884901888
5537927,7023362048,12884901888
5543672,8469348352,12884901888
5549375,9652142080,12884901888
5555084,10078912512,12884901888
5560894,9062842368,12884901888
5566592,8047820800,12884901888
5572301,8288993280,12884901888
5577955,8604614656,12884901888
5583749,10095689728,12884901888
5589441,10737418240,12884901888
5595065,10737418240,12884901888
5600799,10319036416,12884901888
5606451,8198815744,12884901888
5612188,9438232576,12884901888
5617857,9242148864,12884901888
5623539,8125415424,12884901888
5629217,8288993280,12884901888
5634959,8852078592,12884901888
5640617,9759096832,12884901888
5646367,7966031872,12884901888
5652068,9903800320,12884901888
5657746,10737418240,12884901888
5663542,8330936320,12884901888
5669203,8132755456,12884901888
5674918,8340373504,12884901888
5680652,8655994880,12884901888
5686354,9331277824,12884901888
5692018,9597616128,12884901888
5697668,9335472128,12884901888
5703343,8862564352,12884901888
5709041,7600078848,12884901888
5714742,8609857536,12884901888
5720475,9991880704,12884901888
5726153,9823059968,12884901888
5731880,9485418496,12884901888
5737568,8044675072,12884901888
5743288,7711227904,12884901888
5748917,7740588032,12884901888
5754613,9076473856,12884901888
5760258,9108979712,12884901888
5765931,10014949376,12884901888
5771670,8283750400,12884901888
5777349,8109686784,12884901888
5783032,7729053696,12884901888
5788695,8723103744,12884901888
5794370,8821669888,12884901888
5800057,8712617984,12884901888
5805778,8744075264,12884901888
5811395,11811160064,12884901888
5817089,11811160064,12884901888
5822806,11811160064,12884901888
5828489,10737418240,12884901888
5834280,9142534144,12884901888
5840021,8840544256,12884901888
5845742,8314159104,12884901888
5851430,9035579392,12884901888
5857167,9520021504,12884901888
5862914,10291773440,12884901888
5868612,10424942592,12884901888
5874357,10313793536,12884901888
5880040,10737418240,12884901888
5885656,9975103488,12884901888
5891349,9718202368,12884901888
5897056,9017753600,12884901888
5902758,7481589760,12884901888
5908420,9427746816,12884901888
5914157,9982443520,12884901888
5919830,10737418240,12884901888
5925535,10737418240,12884901888
5931213,10432282624,12884901888
5936826,10067378176,12884901888
5942532,10056892416,12884901888
5948296,7852785664,12884901888
5954007,10424942592,12884901888
5959742,11811160064,12884901888
5965387,10737418240,12884901888
5971101,9345957888,12884901888
5976790,8404336640,12884901888
5982449,11811160064,12884901888
5988190,11811160064,12884901888
5993871,10359930880,12884901888
5999528,10015997952,12884901888
6005244,9113174016,12884901888
6010944,8328839168,12884901888
6016585,10737418240,12884901888
6022340,10737418240,12884901888
6027969,10204741632,12884901888
6033619,9142534144,12884901888
6039255,8674869248,12884901888
6044936,7914651648,12884901888
6050584,11811160064,12884901888
6056324,11811160064,12884901888
6061979,11811160064,12884901888
6067612,10164895744,12884901888
6073278,8262778880,12884901888
6078957,7923040256,12884901888
6084652,9011462144,12884901888
6090400,10737418240,12884901888
6096075,10131341312,12884901888
6101779,9506390016,12884901888
6107485,9455009792,12884901888
6113252,7571767296,12884901888
6118882,10737418240,12884901888
6124529,10436476928,12884901888
6130160,9896460288,12884901888
6135826,9600761856,12884901888
6141534,7624196096,12884901888
6147293,7526678528,12884901888
6153021,9763291136,12884901888
6158699,10737418240,12884901888
6164414,10737418240,12884901888
6170147,8470396928,12884901888
6175884,7981760512,12884901888
6181591,10196353024,12884901888
6187305,10040115200,12884901888
6192965,8506048512,12884901888
6198651,7999586304,12884901888
6204373,10737418240,12884901888
6210110,10415505408,12884901888
6215799,8543797248,12884901888
6221520,8360296448,12884901888
6227251,9686745088,12884901888
6232866,12884901888,12884901888
6238564,11811160064,12884901888
6244197,10737418240,12884901888
6249929,9991880704,12884901888
6255580,9453961216,12884901888
6261262,8784969728,12884901888
6266917,8185184256,12884901888
6272557,11811160064,12884901888
6278185,10737418240,12884901888
6283898,10737418240,12884901888
6289567,10737418240,12884901888
6295192,9927917568,12884901888
6300825,11811160064,12884901888
6306534,12884901888,12884901888
6312212,11811160064,12884901888
6317869,10737418240,12884901888
6323557,10291773440,12884901888
6329257,10007609344,12884901888
6334981,9534701568,12884901888
6340715,8951693312,12884901888
6346406,8371830784,12884901888
6352064,9302966272,12884901888
6357750,7691304960,12884901888
6363401,7438598144,12884901888
6369096,8222932992,12884901888
6374792,8417968128,12884901888
6380493,8734638080,12884901888
6386170,8453619712,12884901888
6391794,10256121856,12884901888
6397487,9792651264,12884901888
6403218,9420406784,12884901888
6408935,8622440448,12884901888
6414591,8863612928,12884901888
6420231,10269753344,12884901888
6425900,8809086976,12884901888
6431601,8412725248,12884901888
6437302,8113881088,12884901888
6442959,7794065408,12884901888
6448609,11811160064,12884901888
6454309,11811160064,12884901888
6459998,10232004608,12884901888
6465646,10030678016,12884901888
6471370,9347006464,12884901888
6477067,8931770368,12884901888
6482767,8252293120,12884901888
6488467,7354712064,12884901888
6494133,7733248000,12884901888
6499830,11811160064,12884901888
6505597,11811160064,12884901888
6511257,10737418240,12884901888
6516938,10737418240,12884901888
6522611,10271850496,12884901888
6528290,8619294720,12884901888
6534002,8098152448,12884901888
6539711,7724859392,12884901888
6545400,8044675072,12884901888
6551103,9252634624,12884901888
6556803,8820621312,12884901888
6562486,8497659904,12884901888
6568118,7226785792,12884901888
6573794,7617904640,12884901888
6579468,9402580992,12884901888
6585163,8969519104,12884901888
6590805,8550088704,12884901888
6596412,7978614784,12884901888
6602066,7153385472,12884901888
6607717,8385462272,12884901888
6613425,8292139008,12884901888
6619073,8172601344,12884901888
6624742,9184477184,12884901888
6630383,8735686656,12884901888
6636020,7237271552,12884901888
6641667,8637120512,12884901888
6647401,9036627968,12884901888
6653027,10737418240,12884901888
6658732,10033823744,12884901888
6664344,11811160064,12884901888
6669959,10737418240,12884901888
6675661,10221518848,12884901888
6681323,9682550784,12884901888
6686988,9467592704,12884901888
6692663,9033482240,12884901888
6698320,8420065280,12884901888
6703981,8695840768,12884901888
6709623,8192524288,12884901888
6715355,8997830656,12884901888
6721062,8711569408,12884901888
6726755,8275361792,12884901888
6732436,7921991680,12884901888
6738104,12884901888,12884901888
6743828,12884901888,12884901888
6749541,11811160064,12884901888
6755218,10737418240,12884901888
6760958,10737418240,12884901888
6766685,10279190528,12884901888
6772348,9946791936,12884901888
6778013,9369026560,12884901888
6783700,8499757056,12884901888
6789359,7913603072,12884901888
6794991,10737418240,12884901888
6800724,11811160064,12884901888
6806399,10737418240,12884901888
6812085,11811160064,12884901888
6817793,11811160064,12884901888
6823471,10737418240,12884901888
6829095,10141827072,12884901888
6834799,9590276096,12884901888
6840530,9039773696,12884901888
6846213,7356809216,12884901888
6851866,8336179200,12884901888
6857642,8257536000,12884901888
6863352,8103395328,12884901888
6869022,8319401984,12884901888
6874729,7909408768,12884901888
6880429,6936330240,12884901888
6886146,7184842752,12884901888
6891841,7300186112,12884901888
6897555,7700742144,12884901888
6903227,7845445632,12884901888
6908886,7051673600,12884901888
6914533,7027556352,12884901888
6920232,7204765696,12884901888
6925892,7443841024,12884901888
6931578,7648313344,12884901888
6937290,7604273152,12884901888
6942964,7862222848,12884901888
6948717,6831472640,12884901888
6954378,7149191168,12884901888
6960078,7445938176,12884901888
6965807,7686062080,12884901888
6971475,7971274752,12884901888
6977169,7135559680,12884901888
6982898,7314866176,12884901888
6988625,7690256384,12884901888
6994261,7746879488,12884901888
6999929,6985613312,12884901888
7005606,7302283264,12884901888
7011291,7761559552,12884901888
7016966,7993294848,12884901888
7022619,7126122496,12884901888
7028259,7408189440,12884901888
7034052,7376732160,12884901888
7039762,7746879488,12884901888
7045461,8109686784,12884901888
7051202,7147094016,12884901888
7056877,7179599872,12884901888
7062531,7497318400,12884901888
7068206,8115978240,12884901888
7073869,7107248128,12884901888
7079660,7448035328,12884901888
7085378,7960788992,12884901888
7091116,7125073920,12884901888
7096860,7554990080,12884901888
7102551,7642021888,12884901888
7108286,8013217792,12884901888
7114002,7539261440,12884901888
7119778,7259291648,12884901888
7125513,7176454144,12884901888
7131205,7378829312,12884901888
7136915,7601127424,12884901888
7142582,8136949760,12884901888
7148277,8012169216,12884901888
7153915,8371830784,12884901888
7159614,7543455744,12884901888
7165295,7434403840,12884901888
7170982,7656701952,12884901888
7176727,7811891200,12884901888
7182346,7143948288,12884901888
7188030,7079985152,12884901888
7193748,7071596544,12884901888
7199485,7318011904,12884901888
7205162,7474249728,12884901888
7210865,7746879488,12884901888
7216526,6949961728,12884901888
7222242,7278166016,12884901888
7227934,7589593088,12884901888
7233637,7910457344,12884901888
7239334,8046772224,12884901888
7245003,7134511104,12884901888
7250677,7198474240,12884901888
7256326,7374635008,12884901888
7262016,7655653376,12884901888
7267706,8052015104,12884901888
7273433,7024410624,12884901888
7279156,7158628352,12884901888
7284886,7408189440,12884901888
7290617,7585398784,12884901888
7296325,6947864576,12884901888
7302042,7005536256,12884901888
7307767,7332691968,12884901888
7313405,7652507648,12884901888
7319065,7590641664,12884901888
7324782,6995050496,12884901888
7330464,7105150976,12884901888
7336103,7376732160,12884901888
7341785,7937720320,12884901888
7347509,7067402240,12884901888
7353226,7020216320,12884901888
7359080,7085228032,12884901888
7364790,7329546240,12884901888
7370439,7649361920,12884901888
7376154,7894728704,12884901888
7381828,6964641792,12884901888
7387533,7078936576,12884901888
7393288,7565475840,12884901888
7398983,7634681856,12884901888
7404683,6928990208,12884901888
7410352,7151288320,12884901888
7416061,7390363648,12884901888
7421726,7748976640,12884901888
7427487,6863978496,12884901888
7433199,7089422336,12884901888
7438886,7350517760,12884901888
7444548,7657750528,12884901888
7450218,8174698496,12884901888
7455942,7070547968,12884901888
7461612,7117733888,12884901888
7467234,7395606528,12884901888
7472787,7631536128,12884901888
7478354,7767851008,12884901888
7483891,6952058880,12884901888
7489484,7321157632,12884901888
7495063,7700742144,12884901888
7500603,7810842624,12884901888
7506157,7846494208,12884901888
7511752,8351907840,12884901888
7517380,7200571392,12884901888
7522933,7347372032,12884901888
7528486,7649361920,12884901888
7534054,7896825856,12884901888
7539584,7088373760,12884901888
7545143,7642021888,12884901888
7550689,7525629952,12884901888
7556239,7934574592,12884901888
7561785,7496269824,12884901888
7567403,7298088960,12884901888
7572963,7485784064,12884901888
7578511,7568621568,12884901888
7584074,7936671744,12884901888
7589623,7035944960,12884901888
7595206,7232028672,12884901888
7600746,7508852736,12884901888
7606297,7874805760,12884901888
7611845,7051673600,12884901888
7617524,7199522816,12884901888
7623090,7442792448,12884901888
7628642,7820279808,12884901888
7634202,7106199552,12884901888
7639792,7279214592,12884901888
7645370,7469006848,12884901888
7650914,7812939776,12884901888
7656456,7233077248,12884901888
7662034,7276068864,12884901888
7667623,7493124096,12884901888
7673175,7802454016,12884901888
7678747,8185184256,12884901888
7684375,7225737216,12884901888
7689943,7445938176,12884901888
7695489,7753170944,12884901888
7701020,6961496064,12884901888
7706653,7180648448,12884901888
7712238,7395606528,12884901888
7717788,7869562880,12884901888
7723325,8004829184,12884901888
7728945,7206862848,12884901888
7734576,7239368704,12884901888
7740132,7409238016,12884901888
7745656,7692353536,12884901888
7751207,7923040256,12884901888
7756750,7083130880,12884901888
7762284,6951010304,12884901888
7767819,7097810944,12884901888
7773357,7409238016,12884901888
7778913,7829716992,12884901888
7784437,7960788992,12884901888
7790012,7108296704,12884901888
7795555,7304380416,12884901888
7801119,7833911296,12884901888
7806664,7946108928,12884901888
7812262,6989807616,12884901888
7817831,7313817600,12884901888
7823374,7873757184,12884901888
7828996,7369392128,12884901888
7834708,7777288192,12884901888
7840437,7918845952,12884901888
7846136,8774483968,12884901888
7851825,7024410624,12884901888
7857579,7565475840,12884901888
7863262,7457472512,12884901888
7868940,8132755456,12884901888
7874610,8131706880,12884901888
7880302,7225737216,12884901888
7885980,7489978368,12884901888
7891671,7757365248,12884901888
7897367,8151629824,12884901888
7903100,7049576448,12884901888
7908789,7211057152,12884901888
7914452,7446986752,12884901888
7920121,8336179200,12884901888
7925799,8616148992,12884901888
7931529,7171211264,12884901888
7937237,7424966656,12884901888
7942962,7849639936,12884901888
7948642,7202668544,12884901888
7954316,7547650048,12884901888
7959987,7354712064,12884901888
7965727,7626293248,12884901888
7971358,7886340096,12884901888
7977057,6959398912,12884901888
7982786,7193231360,12884901888
7988493,7325351936,12884901888
7994199,7752122368,12884901888
7999909,6956253184,12884901888
8005611,7276068864,12884901888
8011363,7462715392,12884901888
8017004,7918845952,12884901888
8022683,6959398912,12884901888
8028389,7608467456,12884901888
8034059,7918845952,12884901888
8039752,7218397184,12884901888
8045539,7253000192,12884901888
8051235,7503609856,12884901888
8056918,7761559552,12884901888
8062591,8084520960,12884901888
8068276,7208960000,12884901888
8073974,7305428992,12884901888
8079607,7515144192,12884901888
8085277,7812939776,12884901888
8090943,7956594688,12884901888
8096625,7149191168,12884901888
8102305,7332691968,12884901888
8107993,7548698624,12884901888
8113699,7753170944,12884901888
8119415,7028604928,12884901888
8125094,7195328512,12884901888
8130786,7653556224,12884901888
8136532,7833911296,12884901888
8142268,7223640064,12884901888
8147938,7250903040,12884901888
8153616,7386169344,12884901888
8159261,7673479168,12884901888
8164889,7946108928,12884901888
8170554,7034896384,12884901888
8176408,6970933248,12884901888
8182087,7180648448,12884901888
8187812,7671382016,12884901888
8193511,6905921536,12884901888
8199247,7078936576,12884901888
8204965,7609516032,12884901888
8210707,6910115840,12884901888
8216453,7261388800,12884901888
8222165,7639924736,12884901888
8227920,6906970112,12884901888
8233627,7149191168,12884901888
8239410,7359954944,12884901888
8245073,7660896256,12884901888
8250741,6935281664,12884901888
8256462,7273971712,12884901888
8262193,7549747200,12884901888
8267853,7815036928,12884901888
8273584,7086276608,12884901888
8279303,7191134208,12884901888
8284961,7616856064,12884901888
8290646,6657409024,12884901888
8296369,7269777408,12884901888
8302037,7783579648,12884901888
8307722,7245660160,12884901888
8313394,7392460800,12884901888
8319120,7756316672,12884901888
8324867,8335130624,12884901888
8330691,7329546240,12884901888
8336382,7628390400,12884901888
8342084,7915700224,12884901888
8347754,7196377088,12884901888
8353420,7519338496,12884901888
8359156,7988051968,12884901888
8364842,7248805888,12884901888
8370639,7329546240,12884901888
8376310,7751073792,12884901888
8381992,8163164160,12884901888
8387671,7392460800,12884901888
8393375,7700742144,12884901888
8399075,7877951488,12884901888
8404786,8337227776,12884901888
8410475,7477395456,12884901888
8416188,7653556224,12884901888
8421866,7778336768,12884901888
8427583,8112832512,12884901888
8433226,7371489280,12884901888
8438991,7211057152,12884901888
8444644,7480541184,12884901888
8450352,7940866048,12884901888
8456049,7097810944,12884901888
8461814,7455375360,12884901888
8467540,7904165888,12884901888
8473263,7291797504,12884901888
8478981,7494172672,12884901888
8484689,7707033600,12884901888
8490464,7836008448,12884901888
8496206,8145338368,12884901888
8501974,7474249728,12884901888
8507706,7795113984,12884901888
8513425,8209301504,12884901888
8519110,7090470912,12884901888
8524854,7279214592,12884901888
8530562,7631536128,12884901888
8536262,7962886144,12884901888
8541944,8822718464,12884901888
8547677,7372537856,12884901888
8553331,7834959872,12884901888
8559069,8152678400,12884901888
8564816,7699693568,12884901888
8570537,7647264768,12884901888
8576246,8027897856,12884901888
8581989,8572108800,12884901888
8587716,7518289920,12884901888
8593442,7960788992,12884901888
8599168,8727298048,12884901888
8604821,7438598144,12884901888
8610571,7658799104,12884901888
8616302,8081375232,12884901888
8622002,8984199168,12884901888
8627726,7614758912,12884901888
8633434,8149532672,12884901888
8639119,8867807232,12884901888
8644893,7329546240,12884901888
8650602,7763656704,12884901888
8656310,7837057024,12884901888
8661973,8260681728,12884901888
8667703,8987344896,12884901888
8673485,7500464128,12884901888
8679205,8170504192,12884901888
8684932,8459911168,12884901888
8690627,7488929792,12884901888
8696350,7695499264,12884901888
8702083,7689207808,12884901888
8707785,7737442304,12884901888
8713504,8011120640,12884901888
8719167,8011120640,12884901888
8724864,8183087104,12884901888
8730555,7357857792,12884901888
8736261,7206862848,12884901888
8741980,7393509376,12884901888
8747686,7888437248,12884901888
8753386,8553234432,12884901888
8759128,7198474240,12884901888
8764839,7369392128,12884901888
8770560,7845445632,12884901888
8776262,6227492864,12884901888
8781803,1973420032,12884901888
8787701,2703228928,12884901888
8793593,6566182912,12884901888
8799569,4760535040,12884901888
8805574,5962203136,12884901888
8811450,5700059136,12884901888
8817319,4985978880,12884901888
8823238,5728370688,12884901888
8829123,5734662144,12884901888
8835013,5723127808,12884901888
8840938,5694816256,12884901888
8846925,6759120896,12884901888
8852838,5873074176,12884901888
8858773,5437915136,12884901888
8864706,5733613568,12884901888
8870668,5713690624,12884901888
8876663,5728370688,12884901888
8882526,6434062336,12884901888
8888480,4728029184,12884901888
8894429,5739905024,12884901888
8900372,5728370688,12884901888
8906324,5618270208,12884901888
8912287,4828692480,12884901888
8918236,5935988736,12884901888
8924261,5662310400,12884901888
8930274,5659164672,12884901888
8936262,5674893312,12884901888
8942188,6722420736,12884901888
8948119,5691670528,12884901888
8954102,5434769408,12884901888
8960028,5709496320,12884901888
8965993,5702156288,12884901888
8971848,5707399168,12884901888
8977780,6594494464,12884901888
8983751,6590300160,12884901888
8989667,5438963712,12884901888
8995632,5732564992,12884901888
9001503,5674893312,12884901888
9007342,5699010560,12884901888
9013281,5579472896,12884901888
9019189,5629804544,12884901888
9025109,5593104384,12884901888
9031057,5699010560,12884901888
9036930,5694816256,12884901888
9042876,5646581760,12884901888
9048825,5680136192,12884901888
9054810,5710544896,12884901888
9060690,4102029312,12884901888
9066710,2603614208,12884901888
9072607,2619342848,12884901888
9078512,2603614208,12884901888
9084903,2624585728,12884901888
9090844,2624585728,12884901888
9096719,3089104896,12884901888
9102701,2893021184,12884901888
9108638,2901409792,12884901888
9114630,2924478464,12884901888
9120539,2886729728,12884901888
9126469,2896166912,12884901888
9132413,2899312640,12884901888
9138338,2901409792,12884901888
9144231,2900361216,12884901888
9150144,2942304256,12884901888
9156134,5842665472,12884901888
9162141,5799673856,12884901888
9168081,7081033728,12884901888
9174049,5852102656,12884901888
9179978,7138705408,12884901888
9185956,6515851264,12884901888
9191979,6252658688,12884901888
9197953,7873757184,12884901888
9203929,5279580160,12884901888
9209875,5908725760,12884901888
9215825,5329911808,12884901888
9221752,7135559680,12884901888
9227706,7584350208,12884901888
9233715,5851054080,12884901888
9239660,6853492736,12884901888
9245627,5550112768,12884901888
9251623,6578765824,12884901888
9257602,5515509760,12884901888
9263656,6487539712,12884901888
9269537,5877268480,12884901888
9275564,6377439232,12884901888
9281545,7082082304,12884901888
9287489,5685379072,12884901888
9293357,7454326784,12884901888
9299252,5638193152,12884901888
9305259,6857687040,12884901888
9311128,5492441088,12884901888
9317088,6764363776,12884901888
9322937,5588910080,12884901888
9328922,6171918336,12884901888
9334813,6681526272,12884901888
9340794,5552209920,12884901888
9346688,6188695552,12884901888
9352617,6326059008,12884901888
9358490,5647630336,12884901888
9364382,7861174272,12884901888
9370269,5472518144,12884901888
9376126,7780433920,12884901888
9382089,5941231616,12884901888
9388011,6390022144,12884901888
9393984,5363466240,12884901888
9400075,4289724416,12884901888
9405994,4299161600,12884901888
9412000,4279238656,12884901888
9417935,5954863104,12884901888
9423908,4649385984,12884901888
9429836,4637851648,12884901888
9435867,4557111296,12884901888
9441841,5502926848,12884901888
9447854,4434427904,12884901888
9453834,5559549952,12884901888
9459781,4590665728,12884901888
9465758,4667211776,12884901888
9471739,4558159872,12884901888
9477704,4567597056,12884901888
9483665,4509925376,12884901888
9489712,5822742528,12884901888
9495641,4787798016,12884901888
9501657,4742709248,12884901888
9507637,5387583488,12884901888
9513642,4794089472,12884901888
9519587,4643094528,12884901888
9525567,5657067520,12884901888
9531534,4998561792,12884901888
9537478,4935647232,12884901888
9543426,4746903552,12884901888
9549466,5672796160,12884901888
9555448,5271191552,12884901888
9561425,5243928576,12884901888
9567382,4605345792,12884901888
9573339,5524946944,12884901888
9579264,4977590272,12884901888
9585237,4852809728,12884901888
9591233,4734320640,12884901888
9597174,5459935232,12884901888
9603126,4867489792,12884901888
9609075,4859101184,12884901888
9615053,4988076032,12884901888
9621016,4775215104,12884901888
9626941,4763680768,12884901888
9632901,4741660672,12884901888
9638887,4742709248,12884901888
9644842,4620025856,12884901888
9650812,5388632064,12884901888
9656723,4694474752,12884901888
9662697,4804575232,12884901888
9668688,4691329024,12884901888
9674643,5295308800,12884901888
9680600,4676648960,12884901888
9686517,4633657344,12884901888
9692478,4523556864,12884901888
9698429,5454692352,12884901888
9704432,4686086144,12884901888
9710426,4571791360,12884901888
9716376,5704253440,12884901888
9722326,4548722688,12884901888
9728351,4507828224,12884901888
9734286,4639948800,12884901888
9740231,4549771264,12884901888
9746230,4872732672,12884901888
9752213,4504682496,12884901888
9758185,4519362560,12884901888
9764157,3157262336,12884901888
9770171,3073376256,12884901888
9776023,3053453312,12884901888
9781997,3050307584,12884901888
9787911,2973761536,12884901888
9793818,3067084800,12884901888
9799758,3058696192,12884901888
9805670,3057647616,12884901888
9811614,3015704576,12884901888
9817589,3110076416,12884901888
9823594,3141533696,12884901888
9829510,3042967552,12884901888
9835519,3054501888,12884901888
9841527,3163553792,12884901888
9847505,3104833536,12884901888
9853443,3053453312,12884901888
9859402,3091202048,12884901888
9865387,3060793344,12884901888
9871365,3177185280,12884901888
9877315,3201302528,12884901888
9883328,3129999360,12884901888
9889280,3024093184,12884901888
9895242,3192913920,12884901888
9901160,3201302528,12884901888
9907122,3203399680,12884901888
9913082,3129999360,12884901888
9919000,3167748096,12884901888
9925146,3154116608,12884901888
9931070,3078619136,12884901888
9937029,3202351104,12884901888
9943005,3190816768,12884901888
9948962,3167748096,12884901888
9954876,3100639232,12884901888
9960878,3198156800,12884901888
9966807,3180331008,12884901888
9972764,3091202048,12884901888
9978729,3026190336,12884901888
9984925,3180331008,12884901888
9990946,3091202048,12884901888
9996919,3083862016,12884901888
10002911,3110076416,12884901888
10008923,3143630848,12884901888
10014899,3121610752,12884901888
10020912,3145728000,12884901888
10026935,3152019456,12884901888
10032922,3136290816,12884901888
10038934,3124756480,12884901888
10044977,3124756480,12884901888
10051026,3103784960,12884901888
10057054,3081764864,12884901888
10063077,3082813440,12884901888
10069122,3082813440,12884901888
10075124,3082813440,12884901888
10081168,3090153472,12884901888
10087188,3095396352,12884901888
10093215,3100639232,12884901888
10099245,3095396352,12884901888
10105259,3092250624,12884901888
10111254,3099590656,12884901888
10117249,3050307584,12884901888
10123223,3054501888,12884901888
10129215,3104833536,12884901888
10135167,3114270720,12884901888
10141061,3042967552,12884901888
10146994,3176136704,12884901888
10152952,3161456640,12884901888
10158892,3095396352,12884901888
10164852,3095396352,12884901888
10170846,3100639232,12884901888
10176812,3239051264,12884901888
10182778,3167748096,12884901888
10188679,3102736384,12884901888
10194613,3177185280,12884901888
10200520,3104833536,12884901888
10206456,3104833536,12884901888
10212405,3242196992,12884901888
10218371,3105882112,12884901888
10224388,3243245568,12884901888
10230300,3105882112,12884901888
10236242,3244294144,12884901888
10242208,3106930688,12884901888
10248156,3109027840,12884901888
10254124,3240099840,12884901888
10260027,3109027840,12884901888
10265966,3110076416,12884901888
10271912,3110076416,12884901888
10277866,3110076416,12884901888
10284112,3110076416,12884901888
10290022,3110076416,12884901888
10295947,3110076416,12884901888
10301844,3126853632,12884901888
10307786,3133145088,12884901888
10313726,3135242240,12884901888
10319654,3263168512,12884901888
10325583,3135242240,12884901888
10331544,3135242240,12884901888
10337505,3135242240,12884901888
10343424,3136290816,12884901888
10349380,3136290816,12884901888
10355322,3136290816,12884901888
10361255,3289382912,12884901888
10367297,3313500160,12884901888
10373256,3168796672,12884901888
10379197,3224371200,12884901888
10385138,3177185280,12884901888
10391064,3186622464,12884901888
10397001,3175088128,12884901888
10402922,3176136704,12884901888
10408814,3176136704,12884901888
10414720,3177185280,12884901888
10420584,3645898752,12884901888
10426491,3680501760,12884901888
10432456,3736076288,12884901888
10438415,3938451456,12884901888
10444354,3882876928,12884901888
10450341,4028628992,12884901888
10456324,4028628992,12884901888
10462322,4082106368,12884901888
10468395,4334813184,12884901888
10474473,4183818240,12884901888
10480545,4532994048,12884901888
10486684,4179623936,12884901888
10492763,4086300672,12884901888
10498830,4328521728,12884901888
10504892,4300210176,12884901888
10510976,4288675840,12884901888
10517044,4545576960,12884901888
10523201,4635754496,12884901888
10529283,4268752896,12884901888
10535366,4503633920,12884901888
10541451,4383047680,12884901888
10547541,4785700864,12884901888
10553666,4666163200,12884901888
10559790,4283432960,12884901888
10565892,4645191680,12884901888
10571957,4527751168,12884901888
10578059,4759486464,12884901888
10584175,5188354048,12884901888
10590337,4808769536,12884901888
10596450,4985978880,12884901888
10602552,4521459712,12884901888
10608676,4750049280,12884901888
10614801,5859442688,12884901888
10620892,4546625536,12884901888
10626974,4774166528,12884901888
10633112,5287968768,12884901888
10639258,4827643904,12884901888
10645393,5076156416,12884901888
10651519,5209325568,12884901888
10657666,4605345792,12884901888
10663776,4816109568,12884901888
10669866,5265948672,12884901888
10676035,4600102912,12884901888
10682188,5007998976,12884901888
10688332,5445255168,12884901888
10694462,5460983808,12884901888
10700605,4718592000,12884901888
10706720,5070913536,12884901888
10712848,5573181440,12884901888
10718991,6207569920,12884901888
10725162,4842323968,12884901888
10731333,5056233472,12884901888
10737478,5560598528,12884901888
10743644,6215958528,12884901888
10749785,5190451200,12884901888
10755967,5470420992,12884901888
10762127,5557452800,12884901888
10768255,8085569536,12884901888
10774403,5186256896,12884901888
10780545,5474615296,12884901888
10786718,5530189824,12884901888
10792867,6365904896,12884901888
10799033,7351566336,12884901888
10805223,5166333952,12884901888
10811361,5446303744,12884901888
10817548,5574230016,12884901888
10823696,6371147776,12884901888
10829876,6291456000,12884901888
10836098,4636803072,12884901888
10842287,5275385856,12884901888
10848439,5453643776,12884901888
10854575,6358564864,12884901888
10860711,6358564864,12884901888
10866805,6239027200,12884901888
10873007,4811915264,12884901888
10879174,5257560064,12884901888
10885342,5653921792,12884901888
10891514,7032799232,12884901888
10897695,6485442560,12884901888
10903919,6390022144,12884901888
10910140,4880072704,12884901888
10916308,5263851520,12884901888
10922502,5603590144,12884901888
10928686,6457131008,12884901888
10934847,6434062336,12884901888
10941103,7199522816,12884901888
10947277,4970250240,12884901888
10953448,5844762624,12884901888
10959621,6018826240,12884901888
10965814,6457131008,12884901888
10971961,7738490880,12884901888
10978169,7282360320,12884901888
10984331,5531238400,12884901888
10990516,5375000576,12884901888
10996725,5997854720,12884901888
11002862,6086983680,12884901888
11009055,6667894784,12884901888
11015234,6792675328,12884901888
11021391,7313817600,12884901888
11027580,7765753856,12884901888
11033805,5980028928,12884901888
11039988,5709496320,12884901888
11046197,6560940032,12884901888
11052351,6457131008,12884901888
11058545,6629097472,12884901888
11064697,7455375360,12884901888
11070845,5678039040,12884901888
11077022,6101663744,12884901888
11083207,6309281792,12884901888
11089381,6786383872,12884901888
11095573,6760169472,12884901888
11101759,5717884928,12884901888
11107941,6381633536,12884901888
11114141,6455033856,12884901888
11120355,6844055552,12884901888
11126521,6560940032,12884901888
11132696,5676990464,12884901888
11138869,6012534784,12884901888
11145058,6623854592,12884901888
11151263,6765412352,12884901888
11157467,7227834368,12884901888
11163651,6621757440,12884901888
11169951,5977931776,12884901888
11176158,6390022144,12884901888
11182353,6513754112,12884901888
11188544,7117733888,12884901888
11194763,7610564608,12884901888
11200956,5577375744,12884901888
11207170,6010437632,12884901888
11213399,6375342080,12884901888
11219588,6914310144,12884901888
11225781,7358906368,12884901888
11232011,8160018432,12884901888
11238237,5693767680,12884901888
11244457,6354370560,12884901888
11250662,6471811072,12884901888
11256866,7348420608,12884901888
11263063,7245660160,12884901888
11269258,8043626496,12884901888
11275466,5369757696,12884901888
11281666,5925502976,12884901888
11287893,6396313600,12884901888
11294113,6534725632,12884901888
11300351,7164919808,12884901888
11306566,7136608256,12884901888
11312808,8161067008,12884901888
11319007,5608833024,12884901888
11325257,5949620224,12884901888
11331486,6377439232,12884901888
11337627,6983516160,12884901888
11343807,7119831040,12884901888
11350033,6403653632,12884901888
11356282,5762973696,12884901888
11362503,6441402368,12884901888
11368724,6449790976,12884901888
11374965,7264534528,12884901888
11381175,7137656832,12884901888
11387459,7973371904,12884901888
11393680,5600444416,12884901888
11399925,5937037312,12884901888
11406124,6282018816,12884901888
11412334,7338983424,12884901888
11418553,7395606528,12884901888
11424787,7367294976,12884901888
11431018,5588910080,12884901888
11437227,5878317056,12884901888
11443422,6240075776,12884901888
11449627,6769606656,12884901888
11455894,7161774080,12884901888
11462134,7171211264,12884901888
11468363,7409238016,12884901888
11474610,5567938560,12884901888
11480847,6007291904,12884901888
11487062,6376390656,12884901888
11493266,7068450816,12884901888
11499474,7117733888,12884901888
11505697,7159676928,12884901888
11511957,8367636480,12884901888
11518187,5533335552,12884901888
11524414,6129975296,12884901888
11530620,6353321984,12884901888
11536857,7059013632,12884901888
11543097,7143948288,12884901888
11549318,7138705408,12884901888
11555577,7213154304,12884901888
11561813,5493489664,12884901888
11568022,5902434304,12884901888
11574236,6338641920,12884901888
11580489,7183794176,12884901888
11586725,7124025344,12884901888
11592955,7121928192,12884901888
11599209,7496269824,12884901888
11605415,7224688640,12884901888
11611675,5537529856,12884901888
11617908,6341787648,12884901888
11624132,6335496192,12884901888
11630346,7076839424,12884901888
11636578,7117733888,12884901888
11642810,7639924736,12884901888
11649037,7645167616,12884901888
11655275,10410262528,12884901888
11661453,5321523200,12884901888
11667701,5880414208,12884901888
11673918,6415187968,12884901888
11680145,6576668672,12884901888
11686394,7161774080,12884901888
11692636,7618953216,12884901888
11698868,7735345152,12884901888
11705110,8299479040,12884901888
11711341,5197791232,12884901888
11717617,5896142848,12884901888
11723860,6083837952,12884901888
11730089,6591348736,12884901888
11736293,6885998592,12884901888
11742500,7192182784,12884901888
11748740,7346323456,12884901888
11754977,7686062080,12884901888
11761242,9528410112,12884901888
11767505,5559549952,12884901888
11773763,5890899968,12884901888
11780015,6307184640,12884901888
11786291,6576668672,12884901888
11792540,7116685312,12884901888
11798794,7828668416,12884901888
11805042,8589934592,12884901888
11811271,5733613568,12884901888
11817504,6055526400,12884901888
11823762,6461325312,12884901888
11830062,6704594944,12884901888
11836322,7117733888,12884901888
11842599,7457472512,12884901888
11848895,7647264768,12884901888
11855145,5244977152,12884901888
11861413,5740953600,12884901888
11867606,6232735744,12884901888
11873879,6563037184,12884901888
11880137,6977224704,12884901888
11886397,7301234688,12884901888
11892656,7457472512,12884901888
11898909,7581204480,12884901888
11905130,5507121152,12884901888
11911408,6133121024,12884901888
11917673,6184501248,12884901888
11923904,6585057280,12884901888
11930181,7128219648,12884901888
11936448,7469006848,12884901888
11942719,7439646720,12884901888
11949042,8597274624,12884901888
11955286,5580521472,12884901888
11961513,6047137792,12884901888
11967769,6677331968,12884901888
11974035,6606028800,12884901888
11980315,7356809216,12884901888
11986575,7471104000,12884901888
11992790,7474249728,12884901888
11999073,6754926592,12884901888
12005411,5723127808,12884901888
12011684,6072303616,12884901888
12017941,6555697152,12884901888
12024186,6561988608,12884901888
12030455,7227834368,12884901888
12036715,7501512704,12884901888
12043007,7434403840,12884901888
12049280,5378146304,12884901888
12055487,5938085888,12884901888
12061769,6223298560,12884901888
12068050,6531579904,12884901888
12074339,6803161088,12884901888
12080598,7550795776,12884901888
12086858,7379877888,12884901888
12093187,6591348736,12884901888
12099561,5776605184,12884901888
12105814,6023020544,12884901888
12112099,6587154432,12884901888
12118399,6573522944,12884901888
12124689,7061110784,12884901888
12131006,7403995136,12884901888
12137292,7770996736,12884901888
12143539,5452595200,12884901888
12149928,5766119424,12884901888
12156201,6353321984,12884901888
12162445,6317670400,12884901888
12168748,6936330240,12884901888
12175025,7222591488,12884901888
12181318,7165968384,12884901888
12187596,8861515776,12884901888
12193917,5574230016,12884901888
12200175,6053429248,12884901888
12206461,6447693824,12884901888
12212755,7178551296,12884901888
12218977,7009730560,12884901888
12225294,7338983424,12884901888
12231544,7368343552,12884901888
12237853,5247074304,12884901888
12244181,5689573376,12884901888
12250434,6075449344,12884901888
12256708,6423576576,12884901888
12262995,6891241472,12884901888
12269262,7337934848,12884901888
12275550,7353663488,12884901888
12281839,8054112256,12884901888
12288150,5253365760,12884901888
12294467,5414846464,12884901888
12300777,6004146176,12884901888
12307075,6247415808,12884901888
12313371,6716129280,12884901888
12319692,7109345280,12884901888
12326017,7801405440,12884901888
12332298,7654604800,12884901888
12338616,8832155648,12884901888
12344858,5437915136,12884901888
12351191,5838471168,12884901888
12357471,6048186368,12884901888
12363766,6407847936,12884901888
12370084,6766460928,12884901888
12376370,7009730560,12884901888
12382708,7504658432,12884901888
12388990,7832862720,12884901888
12395305,5259657216,12884901888
12401595,5598347264,12884901888
12407851,5949620224,12884901888
12414145,6493831168,12884901888
12420428,6501171200,12884901888
12426751,7234125824,12884901888
12433049,7295991808,12884901888
12439336,7344226304,12884901888
12445647,7763656704,12884901888
12451963,5402263552,12884901888
12458283,5664407552,12884901888
12464604,5939134464,12884901888
12470935,6380584960,12884901888
12477232,6587154432,12884901888
12483509,6787432448,12884901888
12489800,6884950016,12884901888
12496107,7402946560,12884901888
12502404,7678722048,12884901888
12508704,7402946560,12884901888
12515020,5373952000,12884901888
12521325,5855248384,12884901888
12527629,6153043968,12884901888
12533932,6337593344,12884901888
12540242,6784286720,12884901888
12546535,6858735616,12884901888
12552840,6866075648,12884901888
12559123,8045723648,12884901888
12565448,5452595200,12884901888
12571724,5777653760,12884901888
12578019,6231687168,12884901888
12584291,6266290176,12884901888
12590606,6469713920,12884901888
12596853,6693060608,12884901888
12603126,6753878016,12884901888
12609411,6906970112,12884901888
12615735,5233442816,12884901888
12622061,5578424320,12884901888
12628337,5887754240,12884901888
12634619,6331301888,12884901888
12640912,6919553024,12884901888
12647245,6627000320,12884901888
12653528,6714032128,12884901888
12659812,6732906496,12884901888
12666155,8046772224,12884901888
12672484,5464129536,12884901888
12678778,5767168000,12884901888
12685077,6128926720,12884901888
12691385,6204424192,12884901888
12697698,6650068992,12884901888
12704004,6697254912,12884901888
12710284,6969884672,12884901888
12716564,7046430720,12884901888
12722875,7777288192,12884901888
12729197,5303697408,12884901888
12735612,5533335552,12884901888
12741941,5831131136,12884901888
12748234,6177161216,12884901888
12754547,6294601728,12884901888
12760840,6636437504,12884901888
12767179,6727663616,12884901888
12773482,7038042112,12884901888
12779809,7097810944,12884901888
12786133,5603590144,12884901888
12792550,5626658816,12884901888
12798910,5903482880,12884901888
12805208,6227492864,12884901888
12811516,6590300160,12884901888
12817825,6617563136,12884901888
12824164,6731857920,12884901888
12830485,6897532928,12884901888
12836847,7409238016,12884901888
12843187,5540675584,12884901888
12849539,5921308672,12884901888
12855852,6126829568,12884901888
12862167,6339690496,12884901888
12868450,6611271680,12884901888
12874769,6748635136,12884901888
12881087,6947864576,12884901888
12887399,7364149248,12884901888
12893727,5486149632,12884901888
12900044,5853151232,12884901888
12906392,6312427520,12884901888
12912708,6335496192,12884901888
12919025,6623854592,12884901888
12925397,6774849536,12884901888
12931769,7090470912,12884901888
12938108,5894045696,12884901888
12944481,5618270208,12884901888
12950864,5872025600,12884901888
12957174,6205472768,12884901888
12963463,6586105856,12884901888
12969775,6553600000,12884901888
12976149,6649020416,12884901888
12982503,7197425664,12884901888
12988833,5543821312,12884901888
12995185,5908725760,12884901888
13001511,6005194752,12884901888
13007819,6181355520,12884901888
13014158,6578765824,12884901888
13020516,6593445888,12884901888
13026883,6844055552,12884901888
13033233,8075083776,12884901888
13039577,5617221632,12884901888
13045923,5859442688,12884901888
13052272,6190792704,12884901888
13058607,6550454272,12884901888
13064991,6559891456,12884901888
13071317,6649020416,12884901888
13077662,7808745472,12884901888
13084012,5479858176,12884901888
13090407,5811208192,12884901888
13096742,6009389056,12884901888
13103144,6746537984,12884901888
13109484,6554648576,12884901888
13115839,6580862976,12884901888
13122170,6587154432,12884901888
13128507,5478809600,12884901888
13134815,5302648832,12884901888
13141074,5302648832,12884901888
13147348,5750390784,12884901888
13153683,5993660416,12884901888
13160025,5388632064,12884901888
13166315,6442450944,12884901888
13172641,7007633408,12884901888
13178932,7170162688,12884901888
13185274,7180648448,12884901888
13191614,7218397184,12884901888
13197910,7221542912,12884901888
13204185,7228882944,12884901888
13210522,7226785792,12884901888
13216957,7223640064,12884901888
13223323,7225737216,12884901888
13229650,7232028672,12884901888
13236052,7232028672,12884901888
13242444,7239368704,12884901888
13248850,7239368704,12884901888
13255223,7239368704,12884901888
13261591,7246708736,12884901888
13268008,7245660160,12884901888
13274390,7242514432,12884901888
13280781,7244611584,12884901888
13287148,7249854464,12884901888
13293529,7249854464,12884901888
13299856,7254048768,12884901888
13306310,7258243072,12884901888
13312697,7254048768,12884901888
13319081,7256145920,12884901888
13325514,7259291648,12884901888
13331922,7259291648,12884901888
13338335,7332691968,12884901888
13344732,7554990080,12884901888
13351095,7365197824,12884901888
13357449,7365197824,12884901888
13363812,7365197824,12884901888
13370129,7365197824,12884901888
13376462,7365197824,12884901888
13382788,7365197824,12884901888
13389121,7365197824,12884901888
13395481,7365197824,12884901888
13401807,7365197824,12884901888
13408063,7828668416,12884901888
13414500,6989807616,12884901888
13420963,6975127552,12884901888
13427250,6975127552,12884901888
13433574,6975127552,12884901888
13439860,6975127552,12884901888
13446150,6975127552,12884901888
13452461,6975127552,12884901888
13458818,6975127552,12884901888
13465133,6975127552,12884901888
13471436,7096762368,12884901888
13477758,6959398912,12884901888
13484086,6959398912,12884901888
13490375,6959398912,12884901888
13496646,6959398912,12884901888
13502937,6959398912,12884901888
13509253,6959398912,12884901888
13515546,6959398912,12884901888
13521870,6959398912,12884901888
13528131,6959398912,12884901888
13534514,6959398912,12884901888
13540841,6959398912,12884901888
13547157,6959398912,12884901888
13553512,6959398912,12884901888
13559845,6959398912,12884901888
13566178,6959398912,12884901888
13572523,6959398912,12884901888
13578833,6959398912,12884901888
13585161,6959398912,12884901888
13591454,7087325184,12884901888
13597858,6953107456,12884901888
13604137,6953107456,12884901888
13610478,6953107456,12884901888
13616780,6953107456,12884901888
13623087,6953107456,12884901888
13629423,6953107456,12884901888
13635728,6953107456,12884901888
13642011,6953107456,12884901888
13648353,6953107456,12884901888
13654661,6959398912,12884901888
13660987,6959398912,12884901888
13667313,6959398912,12884901888
13673653,6959398912,12884901888
13679986,6959398912,12884901888
13686278,6959398912,12884901888
13692618,6959398912,12884901888
13698953,6959398912,12884901888
13705304,6959398912,12884901888
13711639,7088373760,12884901888
13717989,6970933248,12884901888
13724346,6970933248,12884901888
13730669,6970933248,12884901888
13736963,6970933248,12884901888
13743288,6970933248,12884901888
13749619,6970933248,12884901888
13755935,6970933248,12884901888
13762246,6970933248,12884901888
13768585,6970933248,12884901888
13774914,6969884672,12884901888
13781261,6969884672,12884901888
13787619,6969884672,12884901888
13793969,6969884672,12884901888
13800327,6969884672,12884901888
13806679,6969884672,12884901888
13813004,6969884672,12884901888
13819335,6969884672,12884901888
13825647,6969884672,12884901888
13831999,7072645120,12884901888
13838347,6975127552,12884901888
13844685,6975127552,12884901888
13851020,6975127552,12884901888
13857372,6975127552,12884901888
13863702,6975127552,12884901888
13870010,6975127552,12884901888
13876322,6975127552,12884901888
13882668,6975127552,12884901888
13889003,6975127552,12884901888
13895322,6967787520,12884901888
13901614,6967787520,12884901888
13907973,6967787520,12884901888
13914305,6967787520,12884901888
13920647,6967787520,12884901888
13926981,6967787520,12884901888
13933305,6967787520,12884901888
13939697,6967787520,12884901888
13946014,6967787520,12884901888
13952365,6967787520,12884901888
13958722,6971981824,12884901888
13965038,6971981824,12884901888
13971373,6971981824,12884901888
13977720,6971981824,12884901888
13984069,6971981824,12884901888
13990417,6971981824,12884901888
13996776,6971981824,12884901888
14003137,6971981824,12884901888
14009494,6971981824,12884901888
14015831,6965690368,12884901888
14022162,6965690368,12884901888
14028510,6965690368,12884901888
14034852,6965690368,12884901888
14041169,6965690368,12884901888
14047516,6965690368,12884901888
14053850,6965690368,12884901888
14060222,6965690368,12884901888
14066562,6965690368,12884901888
14072901,7020216320,12884901888
14079303,7117733888,12884901888
14085778,7086276608,12884901888
14092084,7082082304,12884901888
14098393,7082082304,12884901888
14104737,7082082304,12884901888
14111067,7082082304,12884901888
14117391,7082082304,12884901888
14123725,7082082304,12884901888
14130066,7082082304,12884901888
14136429,7304380416,12884901888
14142870,7197425664,12884901888
14149188,7196377088,12884901888
14155496,7196377088,12884901888
14161787,7196377088,12884901888
14168036,7196377088,12884901888
14174357,7196377088,12884901888
14180656,7196377088,12884901888
14186933,7196377088,12884901888
14193225,7196377088,12884901888
14199509,7182745600,12884901888
14205798,7182745600,12884901888
14212057,7182745600,12884901888
14218415,7182745600,12884901888
14224674,7182745600,12884901888
14230975,7182745600,12884901888
14237299,7182745600,12884901888
14243601,7182745600,12884901888
14249907,7182745600,12884901888
14256232,7182745600,12884901888
14262518,7180648448,12884901888
14268766,7178551296,12884901888
14275066,7178551296,12884901888
14281357,7178551296,12884901888
14287695,7178551296,12884901888
14294036,7178551296,12884901888
14300299,7178551296,12884901888
14306574,7178551296,12884901888
14312857,7178551296,12884901888
14319144,7177502720,12884901888
14325393,7177502720,12884901888
14331700,7177502720,12884901888
14337960,7177502720,12884901888
14344201,7177502720,12884901888
14350458,7177502720,12884901888
14356693,7177502720,12884901888
14362984,7177502720,12884901888
14369258,7177502720,12884901888
14375508,7177502720,12884901888
14381774,7176454144,12884901888
14388057,7176454144,12884901888
14394341,7176454144,12884901888
14400664,7176454144,12884901888
14406966,7176454144,12884901888
14413298,7176454144,12884901888
14419633,7176454144,12884901888
14425939,7176454144,12884901888
14432265,7176454144,12884901888
14438581,7309623296,12884901888
14444888,7179599872,12884901888
14451173,7179599872,12884901888
14457490,7179599872,12884901888
14463774,7179599872,12884901888
14470077,7179599872,12884901888
14476368,7179599872,12884901888
14482685,7179599872,12884901888
14489021,7179599872,12884901888
14495336,7179599872,12884901888
14501635,7175405568,12884901888
14507960,7175405568,12884901888
14514268,7175405568,12884901888
14520567,7175405568,12884901888
14526851,7175405568,12884901888
14533159,7175405568,12884901888
14539503,7175405568,12884901888
14545759,7175405568,12884901888
14552076,7175405568,12884901888
14558400,7175405568,12884901888
14564672,7175405568,12884901888
14571003,7175405568,12884901888
14577330,7175405568,12884901888
14583601,7175405568,12884901888
14589886,7175405568,12884901888
14596202,7175405568,12884901888
14602467,7175405568,12884901888
14608743,7175405568,12884901888
14615035,7175405568,12884901888
14621318,7170162688,12884901888
14627617,7170162688,12884901888
14633920,7170162688,12884901888
14640182,7170162688,12884901888
14646485,7170162688,12884901888
14652796,7170162688,12884901888
14659086,7170162688,12884901888
14665407,7170162688,12884901888
14671706,7170162688,12884901888
14678004,7170162688,12884901888
14684396,7216300032,12884901888
14690712,7213154304,12884901888
14697004,7213154304,12884901888
14703297,7213154304,12884901888
14709628,7213154304,12884901888
14715931,7213154304,12884901888
14722229,7213154304,12884901888
14728520,7213154304,12884901888
14734829,7213154304,12884901888
14741117,7358906368,12884901888
14747450,7214202880,12884901888
14753748,7214202880,12884901888
14760081,7214202880,12884901888
14766402,7214202880,12884901888
14772703,7214202880,12884901888
14778989,7214202880,12884901888
14785327,7214202880,12884901888
14791609,7214202880,12884901888
14797943,7214202880,12884901888
14804235,7265583104,12884901888
14810536,7265583104,12884901888
14816855,7265583104,12884901888
14823104,7265583104,12884901888
14829397,7265583104,12884901888
14835688,7265583104,12884901888
14841998,7265583104,12884901888
14848264,7265583104,12884901888
14854580,7265583104,12884901888
14860914,7265583104,12884901888
14867198,7253000192,12884901888
14873524,7253000192,12884901888
14879856,7253000192,12884901888
14886189,7253000192,12884901888
14892488,7253000192,12884901888
14898761,7253000192,12884901888
14905081,7253000192,12884901888
14911384,7253000192,12884901888
14917689,7253000192,12884901888
14924006,7245660160,12884901888
14930297,7245660160,12884901888
14936616,7245660160,12884901888
14942909,7245660160,12884901888
14949197,7245660160,12884901888
14955457,7245660160,12884901888
14961747,7245660160,12884901888
14968071,7245660160,12884901888
14974363,7245660160,12884901888
14980621,7245660160,12884901888
14986918,7256145920,12884901888
14993190,7256145920,12884901888
14999445,7256145920,12884901888
15005741,7256145920,12884901888
15012022,7256145920,12884901888
15018275,7256145920,12884901888
15024585,7256145920,12884901888
15030896,7256145920,12884901888
15037180,7256145920,12884901888
15043460,7407140864,12884901888
15049734,7251951616,12884901888
15056042,7251951616,12884901888
15062351,7251951616,12884901888
15068665,7251951616,12884901888
15074959,7251951616,12884901888
15081259,7251951616,12884901888
15087559,7251951616,12884901888
15093876,7251951616,12884901888
15100175,7251951616,12884901888
15106470,7261388800,12884901888
15112765,7261388800,12884901888
15119103,7261388800,12884901888
15125426,7261388800,12884901888
15131735,7261388800,12884901888
15138055,7261388800,12884901888
15144393,7261388800,12884901888
15150667,7261388800,12884901888
15156980,7261388800,12884901888
15163242,7261388800,12884901888
15169584,7245660160,12884901888
15175887,7244611584,12884901888
15182209,7244611584,12884901888
15188526,7244611584,12884901888
15194824,7244611584,12884901888
15201125,7244611584,12884901888
15207400,7244611584,12884901888
15213737,7244611584,12884901888
15220034,7244611584,12884901888
15226334,7251951616,12884901888
15232659,7251951616,12884901888
15239002,7251951616,12884901888
15245326,7251951616,12884901888
15251651,7251951616,12884901888
15258000,7251951616,12884901888
15264309,7251951616,12884901888
15270639,7251951616,12884901888
15276931,7251951616,12884901888
15283188,7251951616,12884901888
15289491,7265583104,12884901888
15295788,7261388800,12884901888
15302064,7261388800,12884901888
15308347,7261388800,12884901888
15314661,7261388800,12884901888
15320924,7261388800,12884901888
15327237,7261388800,12884901888
15333512,7261388800,12884901888
15339787,7261388800,12884901888
15346103,7263485952,12884901888
15352404,7263485952,12884901888
15358695,7263485952,12884901888
15364968,7263485952,12884901888
15371249,7263485952,12884901888
15377576,7263485952,12884901888
15383883,7263485952,12884901888
15390166,7263485952,12884901888
15396489,7263485952,12884901888
15402799,7263485952,12884901888
15409108,7250903040,12884901888
15415379,7250903040,12884901888
15421630,7250903040,12884901888
15427898,7250903040,12884901888
15434187,7250903040,12884901888
15440501,7250903040,12884901888
15446831,7250903040,12884901888
15453122,7250903040,12884901888
15459414,7250903040,12884901888
15465756,7426015232,12884901888
15472061,7258243072,12884901888
15478341,7258243072,12884901888
15484646,7258243072,12884901888
15490945,7258243072,12884901888
15497219,7258243072,12884901888
15503528,7258243072,12884901888
15509844,7258243072,12884901888
15516128,7258243072,12884901888
15522440,7258243072,12884901888
15528721,7266631680,12884901888
15535070,7266631680,12884901888
15541412,7266631680,12884901888
15547752,7266631680,12884901888
15554121,7266631680,12884901888
15560444,7266631680,12884901888
15566779,7266631680,12884901888
15573065,7266631680,12884901888
15579360,7266631680,12884901888
15585702,7416578048,12884901888
15592035,7260340224,12884901888
15598369,7260340224,12884901888
15604660,7260340224,12884901888
15611010,7260340224,12884901888
15617335,7260340224,12884901888
15623652,7260340224,12884901888
15629952,7260340224,12884901888
15636295,7260340224,12884901888
15642617,7260340224,12884901888
15648942,7253000192,12884901888
15655251,7253000192,12884901888
15661566,7253000192,12884901888
15667903,7253000192,12884901888
15674253,7253000192,12884901888
15680635,7253000192,12884901888
15686951,7253000192,12884901888
15693303,7253000192,12884901888
15699634,7253000192,12884901888
15705963,7398752256,12884901888
15712231,7248805888,12884901888
15718508,7248805888,12884901888
15724812,7248805888,12884901888
15731093,7248805888,12884901888
15737360,7248805888,12884901888
15743688,7248805888,12884901888
15750001,7248805888,12884901888
15756278,7248805888,12884901888
15762588,7248805888,12884901888
15768909,7255097344,12884901888
15775243,7255097344,12884901888
15781542,7255097344,12884901888
15787887,7255097344,12884901888
15794234,7255097344,12884901888
15800609,7255097344,12884901888
15806941,7255097344,12884901888
15813275,7255097344,12884901888
15819607,7255097344,12884901888
15825959,7255097344,12884901888
15832299,7263485952,12884901888
15838658,7263485952,12884901888
15845000,7263485952,12884901888
15851291,7263485952,12884901888
15857618,7263485952,12884901888
15863962,7263485952,12884901888
15870313,7263485952,12884901888
15876635,7263485952,12884901888
15882983,7263485952,12884901888
15889291,7248805888,12884901888
15895647,7248805888,12884901888
15901992,7248805888,12884901888
15908316,7248805888,12884901888
15914633,7248805888,12884901888
15920943,7248805888,12884901888
15927287,7248805888,12884901888
15933604,7248805888,12884901888
15939950,7248805888,12884901888
15946299,7248805888,12884901888
15952649,7254048768,12884901888
15958974,7253000192,12884901888
15965313,7253000192,12884901888
15971637,7253000192,12884901888
15977968,7253000192,12884901888
15984318,7253000192,12884901888
15990657,7253000192,12884901888
15996967,7253000192,12884901888
16003294,7253000192,12884901888
16009661,7271874560,12884901888
16015921,7271874560,12884901888
16022229,7271874560,12884901888
16028534,7271874560,12884901888
16034837,7271874560,12884901888
16041095,7271874560,12884901888
16047362,7271874560,12884901888
16053613,7271874560,12884901888
16059890,7271874560,12884901888
16066155,7271874560,12884901888
16072461,7272923136,12884901888
16078786,7270825984,12884901888
16085124,7270825984,12884901888
16091470,7270825984,12884901888
16097821,7270825984,12884901888
16104111,7270825984,12884901888
16110436,7270825984,12884901888
16116762,7270825984,12884901888
16123072,7270825984,12884901888
16129404,7270825984,12884901888
16135737,7270825984,12884901888
16142070,7270825984,12884901888
16148423,7270825984,12884901888
16154748,7270825984,12884901888
16161065,7270825984,12884901888
16167415,7270825984,12884901888
16173739,7270825984,12884901888
16179896,7270825984,12884901888
16186059,7270825984,12884901888
16192217,7271874560,12884901888
16198376,7271874560,12884901888
16204543,7271874560,12884901888
16210701,7271874560,12884901888
16216934,7271874560,12884901888
16223130,7271874560,12884901888
16229276,7271874560,12884901888
16235433,7271874560,12884901888
16241607,7271874560,12884901888
16247826,7407140864,12884901888
16253998,7255097344,12884901888
16260232,7255097344,12884901888
16266399,7255097344,12884901888
16272503,7255097344,12884901888
16278733,7255097344,12884901888
16284896,7255097344,12884901888
16291040,7255097344,12884901888
16297220,7255097344,12884901888
16303621,7255097344,12884901888
16310084,7251951616,12884901888
16316483,7251951616,12884901888
16322734,7251951616,12884901888
16329000,7251951616,12884901888
16335265,7251951616,12884901888
16341413,7251951616,12884901888
16347742,7251951616,12884901888
16354138,7251951616,12884901888
16360528,7251951616,12884901888
16366906,7251951616,12884901888
16373241,7245660160,12884901888
16379515,7243563008,12884901888
16385709,7243563008,12884901888
16391889,7243563008,12884901888
16398118,7243563008,12884901888
16404282,7243563008,12884901888
16410513,7243563008,12884901888
16416715,7243563008,12884901888
16422893,7243563008,12884901888
16429074,7389315072,12884901888
16435226,7245660160,12884901888
16441375,7245660160,12884901888
16447583,7245660160,12884901888
16453806,7245660160,12884901888
16459966,7245660160,12884901888
16466131,7245660160,12884901888
16472352,7245660160,12884901888
16478506,7245660160,12884901888
16484653,7245660160,12884901888
16490836,7251951616,12884901888
16496986,7251951616,12884901888
16503138,7251951616,12884901888
16509396,7251951616,12884901888
16515557,7251951616,12884901888
16521740,7251951616,12884901888
16527912,7251951616,12884901888
16534079,7251951616,12884901888
16540320,7251951616,12884901888
16546465,7251951616,12884901888
16552737,7465861120,12884901888
16558977,7406092288,12884901888
16565153,7406092288,12884901888
16571337,7406092288,12884901888
16577485,7406092288,12884901888
16583635,7406092288,12884901888
16589830,7406092288,12884901888
16596027,7406092288,12884901888
16602188,7406092288,12884901888
16608411,7406092288,12884901888
16614681,7392460800,12884901888
16620924,7392460800,12884901888
16627127,7392460800,12884901888
16633273,7392460800,12884901888
16639505,7392460800,12884901888
16645660,7392460800,12884901888
16651800,7392460800,12884901888
16657961,7392460800,12884901888
16664123,7392460800,12884901888
16670257,7392460800,12884901888
16676411,7392460800,12884901888
16682559,7390363648,12884901888
16688739,7390363648,12884901888
16694910,7390363648,12884901888
16701080,7390363648,12884901888
16707228,7390363648,12884901888
16713398,7390363648,12884901888
16719612,7390363648,12884901888
16725787,7390363648,12884901888
16731953,7532969984,12884901888
16738097,7390363648,12884901888
16744240,7390363648,12884901888
16750416,7390363648,12884901888
16756631,7390363648,12884901888
16762809,7390363648,12884901888
16769002,7390363648,12884901888
16775163,7390363648,12884901888
16781377,7390363648,12884901888
16787523,7390363648,12884901888
16793713,7379877888,12884901888
16799973,7379877888,12884901888
16806095,7379877888,12884901888
16812258,7379877888,12884901888
16818389,7379877888,12884901888
16824510,7379877888,12884901888
16830643,7379877888,12884901888
16836753,7379877888,12884901888
16842865,7379877888,12884901888
16848986,7379877888,12884901888
16855134,7365197824,12884901888
16861276,7365197824,12884901888
16867410,7365197824,12884901888
16873561,7365197824,12884901888
16879726,7365197824,12884901888
16885925,7365197824,12884901888
16892131,7365197824,12884901888
16898275,7365197824,12884901888
16904421,7365197824,12884901888
16910543,7365197824,12884901888
16916721,7367294976,12884901888
16922869,7367294976,12884901888
16929018,7367294976,12884901888
16935180,7367294976,12884901888
16941337,7367294976,12884901888
16947488,7367294976,12884901888
16953634,7356809216,12884901888
16959819,7356809216,12884901888
16965942,7356809216,12884901888
16972091,7356809216,12884901888
16978211,7359954944,12884901888
16984370,7358906368,12884901888
16990483,7358906368,12884901888
16996658,7358906368,12884901888
17002786,7358906368,12884901888
17009023,7358906368,12884901888
17015134,7358906368,12884901888
17021261,7358906368,12884901888
17027396,7358906368,12884901888
17033531,7500464128,12884901888
17039620,7365197824,12884901888
17045741,7365197824,12884901888
17051859,7365197824,12884901888
17057991,7365197824,12884901888
17064115,7365197824,12884901888
17070237,7365197824,12884901888
17076444,7365197824,12884901888
17082588,7365197824,12884901888
17088745,7365197824,12884901888
17094888,7365197824,12884901888
17101067,7365197824,12884901888
17107202,7365197824,12884901888
17113387,7365197824,12884901888
17119525,7365197824,12884901888
17125648,7365197824,12884901888
17131771,7365197824,12884901888
17137901,7365197824,12884901888
17144042,7365197824,12884901888
17150192,7365197824,12884901888
17156394,7362052096,12884901888
17162616,7362052096,12884901888
17168742,7362052096,12884901888
17174853,7362052096,12884901888
17181001,7362052096,12884901888
17187133,7362052096,12884901888
17193286,7362052096,12884901888
17199389,7362052096,12884901888
17205576,7362052096,12884901888
17211748,7362052096,12884901888
17217927,7363100672,12884901888
17224101,7363100672,12884901888
17230252,7363100672,12884901888
17236394,7363100672,12884901888
17242523,7363100672,12884901888
17248677,7363100672,12884901888
17254898,7363100672,12884901888
17261064,7363100672,12884901888
17267220,7363100672,12884901888
17273368,7363100672,12884901888
17279555,7367294976,12884901888
17285793,7366246400,12884901888
17291919,7366246400,12884901888
17298131,7366246400,12884901888
17304288,7366246400,12884901888
17310418,7366246400,12884901888
17316560,7366246400,12884901888
17322709,7366246400,12884901888
17328831,7366246400,12884901888
17334971,7495221248,12884901888
17341156,7370440704,12884901888
17347284,7370440704,12884901888
17353514,7370440704,12884901888
17359671,7370440704,12884901888
17365814,7370440704,12884901888
17371939,7370440704,12884901888
17378114,7370440704,12884901888
17384268,7370440704,12884901888
17390399,7370440704,12884901888
17396560,7566524416,12884901888
17402881,7420772352,12884901888
17409017,7420772352,12884901888
17415175,7420772352,12884901888
17421318,7420772352,12884901888
17427575,7420772352,12884901888
17433821,7420772352,12884901888
17439993,7420772352,12884901888
17446116,7420772352,12884901888
17452262,7420772352,12884901888
17458516,7406092288,12884901888
17464604,7406092288,12884901888
17470723,7406092288,12884901888
17476880,7406092288,12884901888
17483009,7406092288,12884901888
17489154,7406092288,12884901888
17495291,7406092288,12884901888
17501423,7406092288,12884901888
17507601,7406092288,12884901888
17513794,7406092288,12884901888
17520028,7667187712,12884901888
17526237,7473201152,12884901888
17532388,7473201152,12884901888
17538513,7473201152,12884901888
17544623,7473201152,12884901888
17550772,7473201152,12884901888
17556917,7473201152,12884901888
17563082,7473201152,12884901888
17569295,7473201152,12884901888
17575391,7473201152,12884901888
17581602,7459569664,12884901888
17587733,7459569664,12884901888
