timestamp_ms,height
17395.017,0
17399.393,100
17405.617,200
17409.537,300
17413.608,400
17417.395,500
17421.588,600
17425.842,700
17430.156,800
17434.204,900
17438.235,1000
17442.408,1100
17446.534,1200
17450.563,1300
17454.487,1400
17458.620,1500
17462.638,1600
17466.642,1700
17470.566,1800
17474.679,1900
17478.611,2000
17482.633,2100
17486.637,2200
17490.869,2300
17494.476,2400
17498.722,2500
17502.727,2600
17506.653,2700
17510.631,2800
17515.099,2900
17519.465,3000
17523.382,3100
17527.670,3200
17531.660,3300
17535.841,3400
17540.012,3500
17544.534,3600
17548.830,3700
17552.757,3800
17556.687,3900
17560.537,4000
17564.465,4100
17568.546,4200
17572.673,4300
17576.896,4400
17581.096,4500
17585.091,4600
17589.065,4700
17593.083,4800
17597.215,4900
17601.411,5000
17605.303,5100
17609.317,5200
17613.421,5300
17617.291,5400
17621.343,5500
17625.522,5600
17629.525,5700
17633.391,5800
17637.458,5900
17641.522,6000
17645.425,6100
17649.635,6200
17653.843,6300
17658.035,6400
17661.903,6500
17665.945,6600
17669.816,6700
17674.000,6800
17678.029,6900
17682.053,7000
17686.127,7100
17690.183,7200
17693.965,7300
17698.020,7400
17701.915,7500
17706.080,7600
17710.095,7700
17714.030,7800
17718.048,7900
17722.092,8000
17725.979,8100
17730.101,8200
17734.161,8300
17738.300,8400
17742.321,8500
17746.559,8600
17750.433,8700
17754.493,8800
17758.377,8900
17762.399,9000
17766.365,9100
17770.407,9200
17774.261,9300
17778.090,9400
17782.080,9500
17786.075,9600
17790.136,9700
17794.088,9800
17798.255,9900
17802.294,10000
17806.227,10100
17810.285,10200
17814.165,10300
17818.032,10400
17821.886,10500
17825.952,10600
17829.970,10700
17833.973,10800
17838.093,10900
17841.953,11000
17845.784,11100
17849.944,11200
17854.245,11300
17858.282,11400
17862.530,11500
17866.509,11600
17870.488,11700
17874.492,11800
17878.652,11900
17882.770,12000
17886.865,12100
17890.856,12200
17894.976,12300
17898.960,12400
17902.996,12500
17907.234,12600
17911.330,12700
17915.440,12800
17919.403,12900
17923.498,13000
17927.715,13100
17932.086,13200
17936.228,13300
17940.329,13400
17944.647,13500
17948.577,13600
17952.550,13700
17956.710,13800
17960.691,13900
17964.577,14000
17968.785,14100
17972.732,14200
17976.974,14300
17981.086,14400
17985.113,14500
17989.226,14600
17993.244,14700
17997.593,14800
18001.896,14900
18005.869,15000
18009.835,15100
18013.940,15200
18017.907,15300
18021.969,15400
18026.092,15500
18030.328,15600
18034.358,15700
18038.179,15800
18042.201,15900
18046.231,16000
18050.288,16100
18054.583,16200
18058.822,16300
18063.437,16400
18067.377,16500
18071.475,16600
18075.376,16700
18079.437,16800
18083.393,16900
18087.128,17000
18091.014,17100
18095.072,17200
18099.131,17300
18103.246,17400
18107.385,17500
18111.536,17600
18115.635,17700
18119.756,17800
18123.743,17900
18127.679,18000
18131.773,18100
18136.058,18200
18139.928,18300
18144.077,18400
18148.097,18500
18152.390,18600
18156.533,18700
18160.614,18800
18164.240,18900
18167.602,19000
18171.368,19100
18175.193,19200
18179.075,19300
18183.178,19400
18187.156,19500
18191.315,19600
18195.381,19700
18199.399,19800
18203.389,19900
18207.379,20000
18211.570,20100
18215.698,20200
18219.575,20300
18223.548,20400
18227.464,20500
18231.168,20600
18235.318,20700
18239.370,20800
18243.505,20900
18247.650,21000
18251.748,21100
18255.553,21200
18259.531,21300
18263.482,21400
18267.363,21500
18271.492,21600
18275.568,21700
18279.774,21800
18283.932,21900
18287.815,22000
18291.831,22100
18296.066,22200
18300.093,22300
18304.283,22400
18308.325,22500
18312.497,22600
18316.371,22700
18320.301,22800
18324.242,22900
18328.267,23000
18332.271,23100
18336.461,23200
18340.264,23300
18344.499,23400
18348.680,23500
18352.758,23600
18357.070,23700
18361.162,23800
18365.261,23900
18369.552,24000
18373.774,24100
18377.852,24200
18381.869,24300
18385.699,24400
18389.895,24500
18393.872,24600
18398.290,24700
18402.262,24800
18406.374,24900
18410.287,25000
18414.509,25100
18418.501,25200
18422.795,25300
18426.907,25400
18431.033,25500
18435.106,25600
18439.187,25700
18443.328,25800
18447.411,25900
18451.525,26000
18455.594,26100
18459.569,26200
18463.757,26300
18467.644,26400
18471.694,26500
18475.560,26600
18479.774,26700
18483.672,26800
18488.062,26900
18492.335,27000
18496.264,27100
18500.388,27200
18504.575,27300
18508.688,27400
18512.652,27500
18516.726,27600
18520.883,27700
18525.040,27800
18529.067,27900
18532.963,28000
18536.816,28100
18541.007,28200
18544.965,28300
18548.958,28400
18553.224,28500
18557.193,28600
18561.296,28700
18565.463,28800
18569.516,28900
18573.398,29000
18577.906,29100
18582.349,29200
18586.667,29300
18590.837,29400
18595.091,29500
18599.309,29600
18603.585,29700
18607.806,29800
18612.024,29900
18615.655,30000
18619.673,30100
18624.008,30200
18627.954,30300
18631.949,30400
18636.206,30500
18640.229,30600
18644.286,30700
18648.474,30800
18652.213,30900
18656.253,31000
18660.377,31100
18664.378,31200
18668.262,31300
18672.196,31400
18676.134,31500
18680.133,31600
18684.220,31700
18688.250,31800
18692.267,31900
18696.218,32000
18700.421,32100
18704.545,32200
18708.732,32300
18712.888,32400
18716.975,32500
18721.157,32600
18725.459,32700
18730.256,32800
18734.331,32900
18738.652,33000
18742.764,33100
18746.740,33200
18750.662,33300
18754.259,33400
18758.224,33500
18762.256,33600
18766.118,33700
18770.396,33800
18774.389,33900
18778.534,34000
18782.688,34100
18786.858,34200
18790.840,34300
18794.798,34400
18798.950,34500
18803.121,34600
18807.199,34700
18811.188,34800
18815.390,34900
18819.281,35000
18823.329,35100
18827.699,35200
18831.825,35300
18836.057,35400
18840.057,35500
18844.364,35600
18848.704,35700
18852.791,35800
18856.952,35900
18861.085,36000
18865.575,36100
18869.638,36200
18873.799,36300
18877.891,36400
18882.127,36500
18886.432,36600
18890.504,36700
18894.454,36800
18898.605,36900
18902.700,37000
18907.022,37100
18911.241,37200
18915.136,37300
18919.342,37400
18923.612,37500
18927.965,37600
18932.236,37700
18936.382,37800
18940.318,37900
18944.515,38000
18948.692,38100
18952.814,38200
18957.273,38300
18961.648,38400
18965.933,38500
18970.312,38600
18974.526,38700
18978.638,38800
18982.860,38900
18987.114,39000
18991.595,39100
18995.792,39200
18999.793,39300
19004.428,39400
19008.841,39500
19013.171,39600
19017.738,39700
19021.951,39800
19026.067,39900
19029.869,40000
19033.820,40100
19038.071,40200
19042.463,40300
19046.822,40400
19051.682,40500
19055.718,40600
19060.091,40700
19064.358,40800
19068.764,40900
19073.121,41000
19077.364,41100
19081.566,41200
19085.933,41300
19090.155,41400
19094.378,41500
19098.970,41600
19103.338,41700
19107.771,41800
19112.203,41900
19116.468,42000
19120.677,42100
19124.817,42200
19129.047,42300
19133.457,42400
19137.562,42500
19141.846,42600
19145.968,42700
19150.240,42800
19154.492,42900
19158.700,43000
19162.599,43100
19166.944,43200
19171.461,43300
19175.768,43400
19180.013,43500
19183.492,43600
19187.696,43700
19192.202,43800
19196.280,43900
19200.384,44000
19204.791,44100
19208.709,44200
19213.438,44300
19217.619,44400
19222.467,44500
19226.648,44600
19230.790,44700
19234.866,44800
19239.352,44900
19243.383,45000
19247.772,45100
19252.077,45200
19256.177,45300
19260.432,45400
19264.546,45500
19268.789,45600
19273.070,45700
19277.389,45800
19282.282,45900
19286.450,46000
19290.823,46100
19295.253,46200
19299.459,46300
19303.914,46400
19308.240,46500
19312.392,46600
19316.915,46700
19321.425,46800
19325.713,46900
19330.061,47000
19334.955,47100
19339.437,47200
19343.838,47300
19348.133,47400
19352.444,47500
19356.466,47600
19360.855,47700
19364.786,47800
19369.304,47900
19373.625,48000
19377.742,48100
19381.883,48200
19386.045,48300
19390.345,48400
19394.670,48500
19399.261,48600
19403.450,48700
19407.909,48800
19412.285,48900
19416.719,49000
19421.860,49100
19426.558,49200
19430.947,49300
19435.487,49400
19439.437,49500
19443.884,49600
19448.016,49700
19452.832,49800
19457.807,49900
19462.759,50000
19467.164,50100
19471.654,50200
19476.639,50300
19481.625,50400
19486.433,50500
19491.028,50600
19495.740,50700
19500.846,50800
19505.688,50900
19510.218,51000
19515.533,51100
19520.446,51200
19525.438,51300
19530.169,51400
19534.965,51500
19539.580,51600
19544.623,51700
19553.625,51800
19558.518,51900
19563.222,52000
19567.734,52100
19572.815,52200
19577.308,52300
19582.127,52400
19586.539,52500
19592.053,52600
19596.803,52700
19601.717,52800
19606.245,52900
19611.871,53000
19616.842,53100
19621.901,53200
19627.450,53300
19632.391,53400
19637.511,53500
19642.525,53600
19647.461,53700
19652.343,53800
19657.195,53900
19661.877,54000
19666.773,54100
19671.632,54200
19676.353,54300
19681.370,54400
19686.330,54500
19691.172,54600
19695.694,54700
19701.311,54800
19706.060,54900
19710.692,55000
19715.594,55100
19720.775,55200
19725.552,55300
19730.602,55400
19735.008,55500
19740.312,55600
19744.919,55700
19749.358,55800
19755.200,55900
19760.280,56000
19765.077,56100
19769.709,56200
19775.134,56300
19780.307,56400
19786.123,56500
19790.691,56600
19795.747,56700
19800.780,56800
19805.968,56900
19810.701,57000
19815.881,57100
19820.765,57200
19825.731,57300
19830.555,57400
19835.834,57500
19840.586,57600
19845.901,57700
19850.819,57800
19856.157,57900
19861.879,58000
19867.335,58100
19871.724,58200
19876.942,58300
19881.753,58400
19886.888,58500
19891.992,58600
19897.245,58700
19902.527,58800
19907.791,58900
19913.318,59000
19918.898,59100
19924.263,59200
19930.301,59300
19935.685,59400
19940.779,59500
19946.024,59600
19951.541,59700
19957.065,59800
19962.382,59900
19968.405,60000
19973.505,60100
19978.463,60200
19983.883,60300
19989.040,60400
19995.369,60500
20001.441,60600
20006.411,60700
20012.456,60800
20018.049,60900
20024.064,61000
20030.049,61100
20035.383,61200
20040.888,61300
20046.523,61400
20051.313,61500
20056.587,61600
20062.126,61700
20067.154,61800
20072.173,61900
20077.562,62000
20083.320,62100
20088.870,62200
20094.653,62300
20100.176,62400
20105.315,62500
20111.197,62600
20116.935,62700
20122.032,62800
20126.924,62900
20132.068,63000
20137.368,63100
20143.252,63200
20149.162,63300
20154.713,63400
20160.508,63500
20166.036,63600
20170.770,63700
20176.382,63800
20181.837,63900
20188.348,64000
20193.287,64100
20198.493,64200
20203.661,64300
20209.312,64400
20214.887,64500
20219.844,64600
20225.210,64700
20230.763,64800
20236.762,64900
20242.160,65000
20247.382,65100
20252.426,65200
20257.421,65300
20262.684,65400
20268.131,65500
20278.438,65600
20287.113,65700
20294.680,65800
20302.008,65900
20310.365,66000
20318.122,66100
20326.323,66200
20333.609,66300
20340.312,66400
20346.735,66500
20353.684,66600
20360.742,66700
20367.278,66800
20375.676,66900
20383.144,67000
20390.077,67100
20396.432,67200
20408.813,67300
20421.189,67400
20428.048,67500
20434.322,67600
20440.677,67700
20447.756,67800
20454.926,67900
20462.797,68000
20470.238,68100
20476.749,68200
20483.541,68300
20490.360,68400
20497.617,68500
20506.176,68600
20512.461,68700
20520.315,68800
20526.837,68900
20535.129,69000
20543.202,69100
20549.993,69200
20558.909,69300
20565.905,69400
20573.233,69500
20580.823,69600
20588.097,69700
20595.168,69800
20601.870,69900
20608.977,70000
20616.687,70100
20625.272,70200
20632.276,70300
20637.968,70400
20644.514,70500
20652.182,70600
20660.296,70700
20666.819,70800
20677.014,70900
20683.007,71000
20689.855,71100
20696.093,71200
20701.912,71300
20707.838,71400
20713.491,71500
20719.312,71600
20725.322,71700
20731.095,71800
20737.665,71900
20743.299,72000
20751.240,72100
20757.795,72200
20763.278,72300
20770.802,72400
20777.052,72500
20784.453,72600
20791.430,72700
20798.303,72800
20804.922,72900
20810.365,73000
20816.750,73100
20823.026,73200
20831.765,73300
20837.991,73400
20844.609,73500
20850.393,73600
20857.485,73700
20863.622,73800
20870.449,73900
20878.032,74000
20883.565,74100
20889.347,74200
20894.900,74300
20901.161,74400
20906.969,74500
20912.622,74600
20919.712,74700
20927.806,74800
20934.352,74900
20942.349,75000
20950.165,75100
20957.109,75200
20963.910,75300
20970.231,75400
20977.374,75500
20983.925,75600
20990.209,75700
20996.373,75800
21002.702,75900
21008.694,76000
21014.378,76100
21021.445,76200
21027.247,76300
21033.635,76400
21039.618,76500
21046.644,76600
21052.682,76700
21058.880,76800
21065.553,76900
21072.119,77000
21078.233,77100
21084.560,77200
21092.419,77300
21099.190,77400
21105.495,77500
21112.733,77600
21119.562,77700
21126.267,77800
21132.637,77900
21138.189,78000
21144.376,78100
21150.819,78200
21157.055,78300
21163.411,78400
21169.836,78500
21175.779,78600
21182.798,78700
21189.736,78800
21197.016,78900
21203.891,79000
21210.356,79100
21217.281,79200
21223.458,79300
21230.526,79400
21238.346,79500
21245.508,79600
21252.028,79700
21259.185,79800
21266.355,79900
21273.219,80000
21279.678,80100
21285.577,80200
21291.414,80300
21298.309,80400
21304.942,80500
21310.615,80600
21316.715,80700
21323.199,80800
21330.400,80900
21337.544,81000
21345.321,81100
21354.687,81200
21364.142,81300
21373.876,81400
21380.791,81500
21388.760,81600
21395.775,81700
21403.282,81800
21409.552,81900
21416.937,82000
21423.692,82100
21429.921,82200
21438.257,82300
21445.711,82400
21451.821,82500
21458.405,82600
21466.334,82700
21477.575,82800
21484.972,82900
21492.773,83000
21500.191,83100
21509.022,83200
21516.969,83300
21524.954,83400
21532.923,83500
21541.078,83600
21548.792,83700
21556.295,83800
21563.210,83900
21569.823,84000
21577.545,84100
21584.234,84200
21592.507,84300
21599.221,84400
21606.480,84500
21613.560,84600
21620.416,84700
21627.512,84800
21634.602,84900
21641.068,85000
21647.775,85100
21654.164,85200
21660.695,85300
21667.048,85400
21673.231,85500
21680.125,85600
21686.514,85700
21693.276,85800
21699.141,85900
21706.271,86000
21714.815,86100
21723.590,86200
21732.868,86300
21740.257,86400
21749.485,86500
21756.584,86600
21763.469,86700
21772.000,86800
21781.067,86900
21788.844,87000
21797.237,87100
21803.569,87200
21811.648,87300
21818.371,87400
21826.029,87500
21832.875,87600
21840.426,87700
21847.587,87800
21855.135,87900
21863.566,88000
21870.161,88100
21877.134,88200
21884.397,88300
21890.780,88400
21897.252,88500
21904.128,88600
21910.434,88700
21916.089,88800
21922.888,88900
21929.886,89000
21936.313,89100
21942.498,89200
21948.328,89300
21954.589,89400
21960.077,89500
21966.868,89600
21973.202,89700
21979.790,89800
21987.131,89900
21993.505,90000
22000.516,90100
22006.927,90200
22013.395,90300
22019.540,90400
22026.258,90500
22033.845,90600
22039.970,90700
22047.038,90800
22053.465,90900
22060.375,91000
22066.782,91100
22073.431,91200
22079.785,91300
22086.041,91400
22091.791,91500
22097.522,91600
22103.148,91700
22109.232,91800
22115.652,91900
22122.305,92000
22140.492,92100
22154.522,92200
22161.673,92300
22167.348,92400
22173.751,92500
22179.666,92600
22185.858,92700
22195.708,92800
22212.092,92900
22229.682,93000
22245.620,93100
22255.882,93200
22262.520,93300
22270.049,93400
22277.907,93500
22285.510,93600
22300.897,93700
22315.902,93800
22326.481,93900
22336.628,94000
22345.231,94100
22353.159,94200
22360.723,94300
22368.084,94400
22375.109,94500
22382.786,94600
22389.886,94700
22397.055,94800
22405.092,94900
22412.853,95000
22420.097,95100
22428.010,95200
22434.797,95300
22441.978,95400
22448.010,95500
22454.926,95600
22461.432,95700
22468.097,95800
22474.483,95900
22481.367,96000
22488.787,96100
22496.131,96200
22504.123,96300
22511.458,96400
22519.213,96500
22526.177,96600
22533.227,96700
22540.609,96800
22548.375,96900
22556.438,97000
22565.024,97100
22573.328,97200
22583.053,97300
22593.092,97400
22601.145,97500
22610.593,97600
22618.661,97700
22626.903,97800
22635.168,97900
22643.498,98000
22651.501,98100
22659.550,98200
22668.850,98300
22676.126,98400
22684.255,98500
22694.327,98600
22702.401,98700
22710.804,98800
22720.027,98900
22728.745,99000
22737.733,99100
22746.363,99200
22754.748,99300
22763.629,99400
22772.755,99500
22781.277,99600
22789.574,99700
22797.985,99800
22806.881,99900
22814.733,100000
22823.598,100100
22832.366,100200
22840.725,100300
22848.396,100400
22855.672,100500
22864.225,100600
22872.149,100700
22880.839,100800
22890.665,100900
22902.023,101000
22912.096,101100
22921.829,101200
22931.499,101300
22940.428,101400
22950.566,101500
22960.330,101600
22971.774,101700
22982.086,101800
22992.155,101900
23002.931,102000
23013.145,102100
23026.016,102200
23035.860,102300
23045.579,102400
23056.182,102500
23066.147,102600
23076.140,102700
23085.807,102800
23096.091,102900
23105.371,103000
23114.877,103100
23123.934,103200
23133.708,103300
23145.021,103400
23154.099,103500
23163.522,103600
23172.924,103700
23182.491,103800
23193.066,103900
23205.047,104000
23216.648,104100
23227.100,104200
23238.320,104300
23249.279,104400
23259.243,104500
23269.176,104600
23277.881,104700
23287.252,104800
23297.779,104900
23307.454,105000
23319.242,105100
23330.129,105200
23341.910,105300
23357.373,105400
23368.827,105500
23379.271,105600
23388.609,105700
23399.178,105800
23408.357,105900
23417.003,106000
23425.969,106100
23434.431,106200
23444.026,106300
23453.165,106400
23461.168,106500
23470.989,106600
23479.074,106700
23487.690,106800
23496.472,106900
23506.027,107000
23515.828,107100
23527.294,107200
23541.720,107300
23555.530,107400
23568.997,107500
23582.997,107600
23594.992,107700
23607.301,107800
23618.002,107900
23630.161,108000
23643.579,108100
23655.940,108200
23667.574,108300
23678.859,108400
23689.623,108500
23700.366,108600
23712.773,108700
23725.140,108800
23737.124,108900
23749.382,109000
23762.433,109100
23774.632,109200
23785.430,109300
23797.867,109400
23809.773,109500
23822.456,109600
23834.284,109700
23847.277,109800
23860.209,109900
23871.686,110000
23884.747,110100
23897.031,110200
23909.424,110300
23921.168,110400
23933.643,110500
23944.861,110600
23956.412,110700
23968.391,110800
23979.328,110900
23993.823,111000
24007.685,111100
24021.568,111200
24036.506,111300
24049.572,111400
24063.257,111500
24077.604,111600
24090.281,111700
24102.769,111800
24115.004,111900
24125.543,112000
24136.881,112100
24147.929,112200
24158.848,112300
24171.555,112400
24181.873,112500
24194.617,112600
24208.123,112700
24220.184,112800
24232.351,112900
24245.490,113000
24259.090,113100
24272.796,113200
24286.804,113300
24300.287,113400
24316.011,113500
24330.991,113600
24345.355,113700
24359.762,113800
24373.702,113900
24387.466,114000
24402.317,114100
24416.716,114200
24429.953,114300
24446.719,114400
24460.509,114500
24474.869,114600
24490.761,114700
24505.748,114800
24519.460,114900
24532.636,115000
24546.259,115100
24561.374,115200
24575.593,115300
24590.528,115400
24603.534,115500
24618.111,115600
24632.175,115700
24645.090,115800
24658.067,115900
24670.725,116000
24682.860,116100
24695.158,116200
24707.652,116300
24720.917,116400
24732.651,116500
24746.045,116600
24759.701,116700
24773.909,116800
24785.629,116900
24799.403,117000
24812.645,117100
24826.003,117200
24838.864,117300
24851.982,117400
24865.393,117500
24878.565,117600
24891.313,117700
24904.434,117800
24917.756,117900
24930.950,118000
24944.874,118100
24958.090,118200
24972.375,118300
24986.433,118400
25000.851,118500
25014.000,118600
25026.038,118700
25039.957,118800
25052.812,118900
25067.288,119000
25082.706,119100
25096.193,119200
25112.200,119300
25126.201,119400
25139.230,119500
25151.352,119600
25164.608,119700
25178.883,119800
25193.860,119900
25219.739,120000
25233.837,120100
25248.000,120200
25260.911,120300
25276.222,120400
25290.856,120500
25307.241,120600
25321.576,120700
25335.311,120800
25348.791,120900
25362.987,121000
25378.680,121100
25399.070,121200
25413.653,121300
25427.218,121400
25441.070,121500
25453.560,121600
25466.877,121700
25481.400,121800
25494.952,121900
25508.325,122000
25523.347,122100
25537.590,122200
25551.947,122300
25565.314,122400
25579.911,122500
25593.462,122600
25606.147,122700
25620.076,122800
25633.741,122900
25648.001,123000
25662.672,123100
25677.440,123200
25691.653,123300
25706.047,123400
25720.738,123500
25736.900,123600
25750.961,123700
25765.707,123800
25779.070,123900
25793.971,124000
25808.746,124100
25823.678,124200
25838.773,124300
25854.483,124400
25869.264,124500
25883.717,124600
25899.419,124700
25914.445,124800
25928.129,124900
25943.929,125000
25963.828,125100
25979.961,125200
25995.180,125300
26011.799,125400
26027.580,125500
26043.266,125600
26058.003,125700
26073.879,125800
26089.795,125900
26104.897,126000
26120.181,126100
26134.417,126200
26148.751,126300
26163.737,126400
26179.522,126500
26194.171,126600
26209.321,126700
26227.558,126800
26242.532,126900
26258.577,127000
26274.471,127100
26290.747,127200
26307.734,127300
26323.587,127400
26339.018,127500
26355.915,127600
26373.383,127700
26391.318,127800
26409.642,127900
26426.974,128000
26444.859,128100
26462.523,128200
26481.543,128300
26502.176,128400
26520.224,128500
26539.572,128600
26557.817,128700
26575.363,128800
26593.403,128900
26610.663,129000
26632.524,129100
26651.942,129200
26672.934,129300
26693.930,129400
26719.017,129500
26739.627,129600
26761.043,129700
26779.188,129800
26800.188,129900
26818.865,130000
26837.983,130100
26856.080,130200
26875.525,130300
26896.982,130400
26919.836,130500
26939.074,130600
26960.699,130700
26981.736,130800
27002.047,130900
27020.567,131000
27042.371,131100
27062.645,131200
27086.296,131300
27108.083,131400
27130.101,131500
27150.260,131600
27174.058,131700
27193.864,131800
27214.368,131900
27233.769,132000
27254.422,132100
27273.481,132200
27290.869,132300
27309.574,132400
27326.622,132500
27345.982,132600
27365.381,132700
27384.235,132800
27404.464,132900
27422.219,133000
27443.877,133100
27465.374,133200
27488.318,133300
27509.586,133400
27534.504,133500
27557.762,133600
27580.071,133700
27601.954,133800
27622.863,133900
27644.405,134000
27670.084,134100
27691.917,134200
27720.586,134300
27743.222,134400
27763.788,134500
27784.545,134600
27806.856,134700
27828.522,134800
27849.498,134900
27872.905,135000
27896.994,135100
27920.454,135200
27941.147,135300
27963.750,135400
27985.082,135500
28008.379,135600
28032.621,135700
28054.414,135800
28078.192,135900
28102.170,136000
28122.433,136100
28143.697,136200
28165.638,136300
28186.920,136400
28208.198,136500
28241.601,136600
28263.566,136700
28284.878,136800
28306.770,136900
28328.197,137000
28351.039,137100
28373.738,137200
28395.641,137300
28417.683,137400
28439.665,137500
28461.553,137600
28482.566,137700
28502.716,137800
28524.738,137900
28547.404,138000
28569.036,138100
28589.253,138200
28608.077,138300
28629.630,138400
28651.019,138500
28672.526,138600
28692.563,138700
28712.412,138800
28731.215,138900
28752.521,139000
28772.569,139100
28800.373,139200
28821.709,139300
28843.728,139400
28864.766,139500
28885.325,139600
28907.741,139700
28930.938,139800
28953.311,139900
28974.548,140000
28998.229,140100
29020.981,140200
29044.235,140300
29063.499,140400
29085.828,140500
29107.232,140600
29126.678,140700
29146.980,140800
29169.913,140900
29191.780,141000
29214.236,141100
29236.619,141200
29258.816,141300
29280.528,141400
29300.615,141500
29321.336,141600
29343.910,141700
29364.966,141800
29384.887,141900
29404.637,142000
29425.862,142100
29446.933,142200
29467.394,142300
29488.023,142400
29509.611,142500
29542.863,142600
29563.862,142700
29585.908,142800
29607.573,142900
29629.739,143000
29651.761,143100
29670.534,143200
29690.949,143300
29710.199,143400
29730.977,143500
29749.962,143600
29770.161,143700
29788.860,143800
29813.979,143900
29834.120,144000
29853.408,144100
29873.440,144200
29905.118,144300
29925.898,144400
29946.014,144500
29967.055,144600
29987.183,144700
30007.960,144800
30026.179,144900
30048.027,145000
30068.456,145100
30088.246,145200
30106.538,145300
30125.114,145400
30143.589,145500
30164.451,145600
30185.103,145700
30203.018,145800
30220.362,145900
30240.463,146000
30262.172,146100
30286.196,146200
30307.336,146300
30327.789,146400
30347.273,146500
30367.008,146600
30389.503,146700
30410.364,146800
30431.047,146900
30451.430,147000
30471.004,147100
30490.885,147200
30510.056,147300
30528.603,147400
30548.062,147500
30568.588,147600
30585.615,147700
30604.561,147800
30623.215,147900
30643.595,148000
30663.648,148100
30681.042,148200
30700.351,148300
30722.095,148400
30740.765,148500
30760.097,148600
30778.707,148700
30800.648,148800
30822.302,148900
30844.306,149000
30866.227,149100
30885.896,149200
30905.676,149300
30923.213,149400
30941.447,149500
30961.046,149600
30981.334,149700
31000.023,149800
31017.296,149900
31035.884,150000
31054.502,150100
31074.744,150200
31096.319,150300
31116.724,150400
31136.696,150500
31154.630,150600
31174.188,150700
31193.626,150800
31213.065,150900
31232.512,151000
31254.276,151100
31272.646,151200
31289.849,151300
31308.084,151400
31327.354,151500
31344.711,151600
31363.607,151700
31382.714,151800
31402.650,151900
31421.264,152000
31442.096,152100
31460.337,152200
31478.737,152300
31496.980,152400
31515.350,152500
31532.644,152600
31562.375,152700
31582.790,152800
31601.516,152900
31619.079,153000
31635.700,153100
31654.665,153200
31673.447,153300
31692.032,153400
31710.781,153500
31729.848,153600
31748.044,153700
31767.245,153800
31785.623,153900
31803.527,154000
31821.630,154100
31839.743,154200
31857.474,154300
31876.334,154400
31894.208,154500
31913.430,154600
31932.043,154700
31951.269,154800
31969.089,154900
31988.081,155000
32007.737,155100
32027.673,155200
32048.419,155300
32067.301,155400
32086.063,155500
32104.376,155600
32122.222,155700
32141.753,155800
32159.632,155900
32176.906,156000
32195.039,156100
32213.333,156200
32231.429,156300
32251.843,156400
32277.488,156500
32294.874,156600
32313.307,156700
32331.885,156800
32349.575,156900
32367.158,157000
32384.068,157100
32402.976,157200
32423.089,157300
32441.737,157400
32458.907,157500
32476.364,157600
32494.505,157700
32513.721,157800
32530.263,157900
32548.510,158000
32566.636,158100
32583.364,158200
32604.005,158300
32623.298,158400
32640.737,158500
32659.347,158600
32678.306,158700
32695.689,158800
32712.712,158900
32730.988,159000
32747.081,159100
32763.797,159200
32781.664,159300
32798.552,159400
32824.814,159500
32841.510,159600
32859.221,159700
32877.314,159800
32895.170,159900
32913.037,160000
32929.162,160100
32948.469,160200
32966.748,160300
32985.076,160400
33003.630,160500
33021.632,160600
33041.952,160700
33061.970,160800
33079.073,160900
33099.176,161000
33116.268,161100
33135.573,161200
33153.078,161300
33172.237,161400
33204.465,161500
33225.884,161600
33247.561,161700
33266.999,161800
33285.107,161900
33305.795,162000
33324.526,162100
33342.671,162200
33362.503,162300
33382.106,162400
33401.017,162500
33419.925,162600
33439.793,162700
33460.215,162800
33478.631,162900
33499.951,163000
33518.553,163100
33537.199,163200
33555.488,163300
33573.671,163400
33590.982,163500
33608.868,163600
33640.810,163700
33660.907,163800
33681.032,163900
33701.551,164000
33722.054,164100
33744.506,164200
33763.922,164300
33782.147,164400
33800.666,164500
33818.042,164600
33837.158,164700
33857.737,164800
33877.699,164900
33896.590,165000
33915.717,165100
33934.887,165200
33954.802,165300
33975.135,165400
33993.526,165500
34012.300,165600
34031.420,165700
34051.340,165800
34071.101,165900
34092.141,166000
34111.958,166100
34132.216,166200
34154.279,166300
34173.884,166400
34192.485,166500
34212.271,166600
34235.045,166700
34258.502,166800
34280.590,166900
34303.703,167000
34325.893,167100
34345.479,167200
34365.230,167300
34382.507,167400
34400.774,167500
34419.789,167600
34438.380,167700
34458.051,167800
34478.980,167900
34497.395,168000
34516.088,168100
34537.141,168200
34556.219,168300
34573.993,168400
34593.136,168500
34611.140,168600
34630.001,168700
34650.679,168800
34669.427,168900
34688.396,169000
34705.587,169100
34725.291,169200
34746.064,169300
34766.815,169400
34786.066,169500
34806.794,169600
34828.125,169700
34848.326,169800
34881.308,169900
34900.763,170000
34918.488,170100
34937.123,170200
34955.205,170300
34972.420,170400
34990.040,170500
35007.105,170600
35024.666,170700
35041.531,170800
35058.816,170900
35076.079,171000
35097.135,171100
35116.923,171200
35136.670,171300
35154.975,171400
35175.147,171500
35193.264,171600
35210.285,171700
35228.048,171800
35245.878,171900
35263.805,172000
35282.606,172100
35300.500,172200
35319.680,172300
35337.714,172400
35355.395,172500
35372.719,172600
35389.400,172700
35406.411,172800
35425.206,172900
35443.759,173000
35462.391,173100
35481.414,173200
35500.052,173300
35519.666,173400
35539.556,173500
35558.143,173600
35575.198,173700
35592.219,173800
35609.627,173900
35627.775,174000
35649.298,174100
35670.016,174200
35689.438,174300
35711.624,174400
35734.187,174500
35755.400,174600
35776.161,174700
35795.877,174800
35813.747,174900
35833.980,175000
35855.137,175100
35876.430,175200
35897.583,175300
35918.871,175400
35940.599,175500
35963.900,175600
35985.887,175700
36008.574,175800
36029.368,175900
36053.073,176000
36081.987,176100
36104.965,176200
36125.102,176300
36146.775,176400
36168.934,176500
36190.849,176600
36211.384,176700
36230.445,176800
36250.977,176900
36272.510,177000
36295.020,177100
36317.238,177200
36339.669,177300
36361.983,177400
36382.778,177500
36402.133,177600
36421.713,177700
36441.741,177800
36461.063,177900
36482.166,178000
36502.960,178100
36523.953,178200
36546.579,178300
36571.776,178400
36596.517,178500
36619.791,178600
36644.225,178700
36667.434,178800
36691.526,178900
36713.610,179000
36739.248,179100
36765.032,179200
36788.673,179300
36816.680,179400
36845.638,179500
36870.005,179600
36897.216,179700
36928.121,179800
36958.960,179900
36986.600,180000
37022.679,180100
37055.271,180200
37089.581,180300
37122.001,180400
37152.909,180500
37186.388,180600
37223.270,180700
37268.527,180800
37306.414,180900
37363.612,181000
37403.637,181100
37440.127,181200
37476.952,181300
37510.539,181400
37548.022,181500
37585.524,181600
37618.221,181700
37645.074,181800
37680.122,181900
37718.699,182000
37756.920,182100
37807.641,182200
37841.553,182300
37872.861,182400
37911.565,182500
37946.472,182600
37969.760,182700
37995.868,182800
38058.650,182900
38100.873,183000
38147.403,183100
38187.549,183200
38209.104,183300
38248.647,183400
38286.787,183500
38318.216,183600
38351.234,183700
38397.747,183800
38437.267,183900
38474.860,184000
38513.221,184100
38543.634,184200
38579.274,184300
38628.804,184400
38681.340,184500
38732.912,184600
38783.177,184700
38832.511,184800
38909.658,184900
38950.064,185000
38993.327,185100
39029.272,185200
39063.594,185300
39115.799,185400
39151.789,185500
39189.446,185600
39225.858,185700
39256.523,185800
39288.580,185900
39318.184,186000
39351.763,186100
39384.642,186200
39421.553,186300
39459.914,186400
39496.184,186500
39532.961,186600
39567.330,186700
39599.756,186800
39633.051,186900
39665.513,187000
39694.166,187100
39723.420,187200
39762.394,187300
39792.570,187400
39822.689,187500
39855.233,187600
39888.655,187700
39919.384,187800
39952.562,187900
39981.577,188000
40013.321,188100
40042.414,188200
40072.312,188300
40109.980,188400
40148.783,188500
40185.380,188600
40221.228,188700
40255.015,188800
40283.638,188900
40319.726,189000
40348.069,189100
40381.654,189200
40416.862,189300
40456.306,189400
40492.815,189500
40545.542,189600
40582.116,189700
40620.368,189800
40662.644,189900
40701.279,190000
40741.463,190100
40779.233,190200
40818.005,190300
40857.090,190400
40895.457,190500
40928.215,190600
40961.745,190700
40992.146,190800
41025.269,190900
41058.099,191000
41086.784,191100
41123.102,191200
41162.095,191300
41196.049,191400
41231.086,191500
41289.121,191600
41333.957,191700
41378.193,191800
41414.985,191900
41448.118,192000
41482.869,192100
41516.399,192200
41549.664,192300
41587.580,192400
41624.777,192500
41663.813,192600
41701.367,192700
41742.761,192800
41782.494,192900
41820.024,193000
41853.025,193100
41885.210,193200
41919.248,193300
41951.009,193400
41988.045,193500
42021.472,193600
42067.328,193700
42109.634,193800
42144.959,193900
42188.017,194000
42236.397,194100
42281.071,194200
42326.390,194300
42371.649,194400
42413.520,194500
42455.664,194600
42491.829,194700
42531.267,194800
42566.748,194900
42603.402,195000
42648.939,195100
42689.094,195200
42723.616,195300
42760.522,195400
42796.125,195500
42838.897,195600
42874.582,195700
42907.660,195800
42952.247,195900
42989.388,196000
43025.646,196100
43059.561,196200
43096.574,196300
43129.294,196400
43172.387,196500
43214.407,196600
43254.995,196700
43296.395,196800
43334.286,196900
43372.898,197000
44565.671,197100
44615.577,197200
44653.278,197300
44694.598,197400
44738.011,197500
44781.037,197600
44816.995,197700
44855.318,197800
44896.865,197900
44936.367,198000
44974.659,198100
45012.901,198200
45050.897,198300
45096.802,198400
45130.868,198500
45168.303,198600
45223.838,198700
45261.881,198800
45298.562,198900
45334.565,199000
45368.887,199100
45400.047,199200
45433.822,199300
45471.414,199400
45514.949,199500
45556.638,199600
45596.705,199700
45631.516,199800
45666.990,199900
45699.741,200000
45732.886,200100
45764.819,200200
45800.648,200300
45834.747,200400
45873.093,200500
45911.811,200600
45954.123,200700
45989.397,200800
46025.510,200900
46067.029,201000
46096.491,201100
46128.208,201200
46160.806,201300
46195.180,201400
46235.123,201500
46278.915,201600
46325.111,201700
46365.875,201800
46416.893,201900
46464.615,202000
46503.038,202100
46550.369,202200
46595.830,202300
46633.955,202400
46677.659,202500
46719.672,202600
46758.035,202700
46797.479,202800
46835.500,202900
46871.757,203000
46914.679,203100
46954.818,203200
47000.800,203300
47035.788,203400
47074.105,203500
47115.885,203600
47157.930,203700
47202.320,203800
47237.232,203900
47278.656,204000
47318.761,204100
47354.482,204200
47396.424,204300
47435.212,204400
47470.776,204500
47518.194,204600
47559.624,204700
47597.833,204800
47634.264,204900
47671.676,205000
47704.753,205100
47731.017,205200
47759.580,205300
47787.535,205400
47817.424,205500
47851.410,205600
47888.094,205700
47928.546,205800
47965.291,205900
47999.637,206000
48034.632,206100
48079.970,206200
48116.182,206300
48147.781,206400
48194.334,206500
48233.468,206600
48273.453,206700
48320.075,206800
48360.430,206900
48398.239,207000
48436.039,207100
48471.482,207200
48507.937,207300
48540.326,207400
48573.862,207500
48619.938,207600
48655.381,207700
48691.911,207800
48737.063,207900
48777.157,208000
48819.680,208100
48862.582,208200
48904.185,208300
48951.879,208400
48986.507,208500
49032.266,208600
49076.246,208700
49118.644,208800
49163.580,208900
49206.796,209000
49247.446,209100
49288.907,209200
49324.586,209300
49358.645,209400
49397.120,209500
49440.849,209600
49478.809,209700
49518.552,209800
49556.430,209900
49601.360,210000
49653.588,210100
49692.512,210200
49731.966,210300
49775.313,210400
49809.100,210500
49838.521,210600
49871.923,210700
49904.373,210800
49951.266,210900
49996.532,211000
50041.199,211100
50086.234,211200
50129.053,211300
50169.471,211400
50211.373,211500
50258.660,211600
50297.974,211700
50340.501,211800
50383.505,211900
50434.251,212000
50482.600,212100
50540.147,212200
50585.496,212300
50629.061,212400
50678.216,212500
50725.858,212600
50779.002,212700
50832.159,212800
50879.506,212900
50949.042,213000
51002.324,213100
51051.757,213200
51094.916,213300
51140.851,213400
51186.871,213500
51227.079,213600
51268.713,213700
51328.487,213800
51373.085,213900
51437.240,214000
51499.999,214100
51542.612,214200
51589.323,214300
51626.586,214400
51663.611,214500
51696.728,214600
51742.274,214700
51784.145,214800
51828.628,214900
51866.715,215000
51914.128,215100
51961.032,215200
52006.652,215300
52050.027,215400
52091.803,215500
52133.708,215600
52176.219,215700
52245.546,215800
52290.902,215900
52342.036,216000
52402.907,216100
52462.531,216200
52515.909,216300
52569.352,216400
52614.239,216500
52662.507,216600
52714.635,216700
52776.042,216800
52830.776,216900
52892.564,217000
52952.469,217100
53002.758,217200
53053.320,217300
53100.781,217400
53146.784,217500
53191.938,217600
53247.656,217700
53302.605,217800
53347.656,217900
53400.869,218000
53454.400,218100
53503.167,218200
53554.351,218300
53606.805,218400
53660.969,218500
53712.952,218600
53762.833,218700
53808.466,218800
53854.572,218900
53898.912,219000
53956.721,219100
54011.799,219200
54065.053,219300
54116.553,219400
54163.047,219500
54213.264,219600
54266.458,219700
54313.962,219800
54358.863,219900
54411.646,220000
54465.121,220100
54524.659,220200
54576.194,220300
54632.248,220400
54704.336,220500
54760.200,220600
54811.105,220700
54867.373,220800
54923.634,220900
54974.531,221000
55026.132,221100
55081.853,221200
55129.431,221300
55176.228,221400
55217.570,221500
55265.959,221600
55307.028,221700
55353.179,221800
55400.424,221900
55449.349,222000
55501.956,222100
56734.183,222200
56793.576,222300
56839.443,222400
56900.518,222500
56953.176,222600
57005.086,222700
57060.520,222800
57111.140,222900
57164.488,223000
57213.201,223100
57268.307,223200
57321.491,223300
57368.750,223400
57425.488,223500
57477.805,223600
57544.662,223700
57605.615,223800
57667.595,223900
57717.276,224000
57765.521,224100
57817.374,224200
57872.007,224300
57929.455,224400
57990.761,224500
58052.932,224600
58116.473,224700
58190.752,224800
58240.231,224900
58285.639,225000
58343.491,225100
58393.588,225200
58452.424,225300
58502.846,225400
58559.693,225500
58611.857,225600
58665.946,225700
58716.060,225800
58768.361,225900
58819.719,226000
58873.844,226100
58911.737,226200
58950.780,226300
58994.996,226400
59036.685,226500
59079.811,226600
59127.403,226700
59172.380,226800
59216.259,226900
59257.652,227000
59304.065,227100
59347.643,227200
59398.172,227300
59441.950,227400
59502.647,227500
59549.505,227600
59595.303,227700
59652.192,227800
59716.825,227900
59779.410,228000
59833.870,228100
59896.231,228200
59960.036,228300
60012.032,228400
60074.174,228500
60140.160,228600
60196.183,228700
60250.560,228800
60320.932,228900
60371.837,229000
60412.959,229100
60470.814,229200
60527.183,229300
60592.199,229400
60651.294,229500
60720.833,229600
60783.452,229700
60848.971,229800
60909.239,229900
60961.646,230000
61020.529,230100
61082.527,230200
61142.354,230300
61206.830,230400
61260.760,230500
61321.377,230600
61385.942,230700
61454.843,230800
61538.510,230900
61589.965,231000
61648.998,231100
61702.526,231200
61753.406,231300
61809.939,231400
61864.380,231500
61919.539,231600
61977.105,231700
62028.578,231800
62094.787,231900
62146.304,232000
62215.131,232100
62275.654,232200
62328.436,232300
62373.996,232400
62423.272,232500
62475.747,232600
62557.104,232700
62619.003,232800
62677.137,232900
62748.516,233000
62824.021,233100
62895.104,233200
62946.273,233300
62996.527,233400
63052.431,233500
63103.789,233600
63156.020,233700
63208.485,233800
63268.588,233900
63324.093,234000
63383.132,234100
63443.274,234200
63506.297,234300
63566.200,234400
63616.865,234500
63673.886,234600
63749.121,234700
63803.465,234800
63861.376,234900
63916.876,235000
63977.176,235100
64033.404,235200
64092.787,235300
64153.792,235400
64215.304,235500
64272.347,235600
64335.592,235700
64391.666,235800
64447.643,235900
64502.493,236000
64561.216,236100
64622.397,236200
64684.542,236300
64753.778,236400
64814.688,236500
64869.853,236600
64926.866,236700
64984.265,236800
65033.399,236900
65086.006,237000
65144.487,237100
65200.319,237200
65258.660,237300
65309.338,237400
65362.967,237500
65423.122,237600
65472.986,237700
65530.534,237800
65581.832,237900
65628.087,238000
65698.515,238100
65747.074,238200
65802.952,238300
65865.160,238400
65919.697,238500
65976.141,238600
66027.244,238700
66080.866,238800
66128.482,238900
66179.322,239000
66223.745,239100
66266.959,239200
66311.494,239300
66356.798,239400
66400.020,239500
66451.903,239600
66511.311,239700
66561.150,239800
67884.969,239900
67950.722,240000
68000.306,240100
68065.480,240200
68122.774,240300
68171.874,240400
68220.195,240500
68278.739,240600
68323.050,240700
68371.174,240800
68420.173,240900
68467.962,241000
68512.572,241100
68559.488,241200
68599.705,241300
68651.265,241400
68706.944,241500
68758.201,241600
68803.926,241700
68855.158,241800
68902.058,241900
68959.059,242000
69013.186,242100
69067.325,242200
69134.720,242300
69186.736,242400
69250.515,242500
69300.218,242600
69346.496,242700
69390.048,242800
69434.591,242900
69475.105,243000
69521.632,243100
69581.824,243200
69636.277,243300
69677.442,243400
69729.530,243500
69787.812,243600
69838.750,243700
69892.029,243800
69941.141,243900
69984.337,244000
70022.400,244100
70065.299,244200
70113.708,244300
70162.663,244400
70205.555,244500
70248.791,244600
70289.626,244700
70335.348,244800
70371.722,244900
70416.646,245000
70454.374,245100
70492.029,245200
70525.812,245300
70567.523,245400
70606.709,245500
70651.072,245600
70691.480,245700
70735.766,245800
70780.884,245900
70821.282,246000
70868.727,246100
70920.661,246200
70980.952,246300
71023.875,246400
71065.316,246500
71109.926,246600
71152.310,246700
71193.803,246800
71241.715,246900
71286.783,247000
71342.081,247100
71393.150,247200
71442.151,247300
71490.285,247400
71533.553,247500
71571.325,247600
71609.561,247700
71649.889,247800
71684.972,247900
71738.927,248000
71790.691,248100
71843.385,248200
71908.047,248300
71961.212,248400
72010.150,248500
72055.921,248600
72099.370,248700
72141.778,248800
72179.919,248900
72229.597,249000
72278.182,249100
72323.193,249200
72380.498,249300
72434.439,249400
72488.568,249500
72535.084,249600
72598.321,249700
72648.397,249800
72707.107,249900
72751.533,250000
72802.821,250100
72849.089,250200
72894.129,250300
72943.505,250400
72994.595,250500
73044.287,250600
73093.688,250700
73146.549,250800
73188.162,250900
73244.874,251000
73286.511,251100
73332.791,251200
73381.899,251300
73423.212,251400
73458.788,251500
73499.250,251600
73534.871,251700
73583.818,251800
73646.812,251900
73694.790,252000
73749.377,252100
73807.556,252200
73865.604,252300
73927.586,252400
73994.283,252500
74043.880,252600
74095.019,252700
74138.784,252800
74187.850,252900
74244.164,253000
74306.621,253100
74358.087,253200
74412.018,253300
74466.615,253400
74523.773,253500
74571.998,253600
74624.548,253700
74673.346,253800
74760.027,253900
74822.581,254000
74873.856,254100
74925.464,254200
74991.270,254300
75047.354,254400
75101.125,254500
75160.581,254600
75215.054,254700
75265.178,254800
75318.734,254900
75369.406,255000
75423.428,255100
75472.151,255200
75514.269,255300
75559.803,255400
75602.831,255500
75643.047,255600
75683.846,255700
75749.179,255800
75801.574,255900
75848.519,256000
75898.055,256100
75959.313,256200
76013.631,256300
76064.256,256400
76115.036,256500
76170.580,256600
76221.912,256700
76270.959,256800
76314.207,256900
76363.552,257000
76412.337,257100
76481.725,257200
76524.329,257300
76571.184,257400
76616.133,257500
76666.332,257600
76707.163,257700
76751.656,257800
76790.885,257900
76832.462,258000
76875.047,258100
76929.113,258200
76978.371,258300
77037.970,258400
77087.385,258500
77151.599,258600
77208.077,258700
77254.135,258800
77312.312,258900
77362.725,259000
77416.561,259100
77462.628,259200
77511.465,259300
77553.650,259400
77602.147,259500
77648.327,259600
77701.762,259700
77758.672,259800
77809.921,259900
77853.194,260000
77908.596,260100
77957.607,260200
78020.158,260300
78062.495,260400
78117.139,260500
78163.829,260600
78208.774,260700
78258.825,260800
78304.348,260900
78361.164,261000
78407.861,261100
78470.488,261200
78522.976,261300
78581.675,261400
78635.760,261500
78688.950,261600
78741.708,261700
78786.603,261800
78830.873,261900
78868.742,262000
78917.088,262100
78967.242,262200
79023.917,262300
79071.250,262400
79120.481,262500
79169.464,262600
79223.329,262700
79272.655,262800
79325.745,262900
79377.412,263000
80639.822,263100
80694.101,263200
80740.459,263300
80789.635,263400
80837.818,263500
80884.220,263600
80937.236,263700
80984.673,263800
81030.189,263900
81079.525,264000
81125.036,264100
81186.348,264200
81235.033,264300
81292.704,264400
81346.084,264500
81392.061,264600
81447.951,264700
81501.870,264800
81551.675,264900
81603.401,265000
81654.539,265100
81709.437,265200
81761.266,265300
81829.679,265400
81878.446,265500
81934.303,265600
81993.156,265700
82051.565,265800
82098.519,265900
82148.000,266000
82193.595,266100
82239.960,266200
82292.125,266300
82345.632,266400
82397.915,266500
82459.506,266600
82513.069,266700
82569.489,266800
82615.416,266900
82672.313,267000
82727.264,267100
82785.278,267200
82830.577,267300
82872.693,267400
82918.072,267500
82960.475,267600
83001.571,267700
83049.474,267800
83097.922,267900
83157.245,268000
83211.708,268100
83279.393,268200
83344.032,268300
83407.639,268400
83483.629,268500
83561.745,268600
83641.125,268700
83708.091,268800
83766.746,268900
83815.974,269000
83881.460,269100
83935.311,269200
84010.587,269300
84064.345,269400
84135.958,269500
84202.366,269600
84277.027,269700
84351.706,269800
84395.692,269900
84450.476,270000
84495.865,270100
84555.962,270200
84636.371,270300
84746.982,270400
84849.568,270500
84926.123,270600
85002.589,270700
85082.463,270800
85171.269,270900
85249.553,271000
85321.299,271100
85385.590,271200
85449.861,271300
85509.816,271400
85581.218,271500
85658.816,271600
85747.575,271700
85825.237,271800
85911.330,271900
85995.148,272000
86065.518,272100
86152.073,272200
86228.352,272300
86290.089,272400
86357.230,272500
86428.517,272600
86504.353,272700
86575.545,272800
86641.009,272900
86715.809,273000
86799.594,273100
86927.614,273200
87008.111,273300
87060.452,273400
87136.571,273500
87199.402,273600
87256.778,273700
87310.833,273800
87361.924,273900
87423.913,274000
87507.640,274100
87563.623,274200
87641.928,274300
87705.448,274400
87760.565,274500
87824.299,274600
87888.688,274700
87949.748,274800
88006.996,274900
88064.737,275000
88124.512,275100
88182.675,275200
88247.518,275300
88319.382,275400
88379.157,275500
88465.394,275600
88535.091,275700
88588.347,275800
88645.737,275900
88704.369,276000
88764.295,276100
88831.119,276200
88893.247,276300
88947.274,276400
89002.700,276500
89065.715,276600
89125.225,276700
89186.103,276800
89248.487,276900
89305.320,277000
89359.652,277100
89418.766,277200
89476.126,277300
89528.767,277400
89597.313,277500
89652.445,277600
89711.188,277700
89769.871,277800
89825.892,277900
89878.235,278000
89917.399,278100
89966.661,278200
90028.775,278300
90092.213,278400
90159.680,278500
90216.960,278600
90280.666,278700
90335.887,278800
90400.931,278900
90473.437,279000
90525.960,279100
90594.853,279200
90648.501,279300
90709.839,279400
90762.728,279500
90816.083,279600
90866.400,279700
90924.973,279800
90975.343,279900
91031.137,280000
91079.203,280100
91126.279,280200
91181.196,280300
91244.729,280400
92595.207,280500
92695.003,280600
92792.313,280700
92852.376,280800
92927.455,280900
93001.128,281000
93079.884,281100
93141.252,281200
93199.251,281300
93263.675,281400
93328.414,281500
93414.410,281600
93513.159,281700
93598.364,281800
93664.315,281900
93734.720,282000
93803.462,282100
93868.640,282200
93935.524,282300
93997.482,282400
94060.010,282500
94125.161,282600
94197.329,282700
94284.953,282800
94368.218,282900
94450.195,283000
94525.912,283100
94596.747,283200
94662.538,283300
94720.779,283400
94789.587,283500
94843.311,283600
94908.325,283700
94995.393,283800
95049.817,283900
95118.771,284000
95186.339,284100
95264.843,284200
95329.607,284300
95406.918,284400
95474.186,284500
95547.256,284600
95625.616,284700
95711.707,284800
95788.268,284900
95857.253,285000
95926.016,285100
96009.366,285200
96071.386,285300
96151.044,285400
96233.978,285500
96307.796,285600
96374.011,285700
96438.908,285800
96507.290,285900
96569.749,286000
96624.902,286100
96677.698,286200
96749.136,286300
96817.411,286400
96886.851,286500
96951.617,286600
97013.164,286700
97084.198,286800
97149.902,286900
97227.995,287000
97303.112,287100
97364.614,287200
97426.197,287300
97507.468,287400
97585.238,287500
97663.424,287600
97769.276,287700
97860.000,287800
97941.732,287900
98014.386,288000
98087.991,288100
98165.634,288200
98237.046,288300
98331.609,288400
98425.381,288500
98526.108,288600
98622.616,288700
98762.505,288800
98883.922,288900
98977.907,289000
99073.899,289100
99164.225,289200
99246.061,289300
99333.176,289400
99412.377,289500
99489.110,289600
99569.676,289700
99658.039,289800
99746.338,289900
99833.071,290000
99935.613,290100
100017.461,290200
100100.402,290300
100180.256,290400
100271.407,290500
100377.330,290600
100442.367,290700
100521.209,290800
100595.295,290900
100658.440,291000
100743.420,291100
100810.410,291200
100887.058,291300
100985.926,291400
101053.303,291500
101136.625,291600
101206.628,291700
101287.167,291800
101370.621,291900
101435.251,292000
101493.271,292100
101562.513,292200
101629.528,292300
101705.823,292400
101784.883,292500
101856.971,292600
101944.100,292700
102012.682,292800
102080.732,292900
102148.467,293000
102209.190,293100
102273.861,293200
102358.257,293300
102422.249,293400
102491.178,293500
102557.684,293600
102631.404,293700
102691.978,293800
102751.422,293900
102812.194,294000
102876.063,294100
102946.294,294200
104300.476,294300
104375.577,294400
104445.978,294500
104526.751,294600
104612.829,294700
104698.624,294800
104781.324,294900
104877.256,295000
104956.699,295100
105054.392,295200
105131.842,295300
105203.687,295400
105266.555,295500
105319.758,295600
105406.469,295700
105475.126,295800
105568.572,295900
105638.179,296000
105728.311,296100
105815.052,296200
105886.141,296300
105961.653,296400
106025.351,296500
106096.029,296600
106166.407,296700
106290.960,296800
106357.141,296900
106425.841,297000
106503.508,297100
106585.826,297200
106649.348,297300
106729.049,297400
106798.933,297500
106879.551,297600
106968.445,297700
107029.533,297800
107136.228,297900
107198.294,298000
107260.288,298100
107347.052,298200
107419.014,298300
107505.076,298400
107586.291,298500
107657.633,298600
107722.088,298700
107782.650,298800
107848.881,298900
107920.354,299000
107991.955,299100
108077.150,299200
108159.714,299300
108226.599,299400
108303.226,299500
108376.153,299600
108457.609,299700
108550.055,299800
108622.979,299900
108689.910,300000
108748.835,300100
108807.513,300200
108898.448,300300
108973.420,300400
109048.025,300500
109118.479,300600
109192.835,300700
109277.919,300800
109354.887,300900
109418.271,301000
109496.222,301100
109553.108,301200
109635.034,301300
109700.755,301400
109788.559,301500
109884.301,301600
109953.746,301700
110045.268,301800
110114.094,301900
110197.876,302000
110263.948,302100
110342.175,302200
110422.706,302300
110480.790,302400
110549.326,302500
110627.760,302600
110706.804,302700
110786.101,302800
110877.079,302900
110952.490,303000
111042.493,303100
111122.514,303200
111190.108,303300
111262.656,303400
111333.081,303500
111395.885,303600
111484.148,303700
111549.738,303800
111629.820,303900
111698.394,304000
111774.077,304100
111834.923,304200
111925.860,304300
112006.980,304400
112083.514,304500
112169.741,304600
112233.395,304700
112292.050,304800
112366.693,304900
112440.439,305000
112522.405,305100
112598.641,305200
112668.363,305300
112740.754,305400
112812.544,305500
112894.515,305600
112963.739,305700
113029.955,305800
113082.893,305900
113150.647,306000
113216.453,306100
113279.624,306200
113353.132,306300
113426.878,306400
113493.271,306500
113568.056,306600
113640.620,306700
113711.438,306800
113774.899,306900
113832.126,307000
113889.732,307100
113938.769,307200
114010.908,307300
114077.795,307400
115470.458,307500
115555.500,307600
115649.024,307700
115731.550,307800
115812.797,307900
115894.449,308000
115955.845,308100
116029.630,308200
116091.087,308300
116159.478,308400
116234.270,308500
116314.856,308600
116441.665,308700
116537.882,308800
116624.249,308900
116723.110,309000
116815.330,309100
116890.818,309200
116947.445,309300
117023.369,309400
117099.691,309500
117172.267,309600
117271.097,309700
117366.194,309800
117446.459,309900
117535.872,310000
117620.750,310100
117692.258,310200
117769.308,310300
117833.358,310400
117902.433,310500
117976.799,310600
118053.254,310700
118149.116,310800
118251.183,310900
118314.630,311000
118418.271,311100
118489.559,311200
118564.807,311300
118649.275,311400
118706.842,311500
118777.009,311600
118841.802,311700
118915.254,311800
118996.283,311900
119075.284,312000
119166.010,312100
119245.194,312200
119324.400,312300
119393.750,312400
119471.929,312500
119544.691,312600
119604.959,312700
119701.280,312800
119777.781,312900
119845.934,313000
119925.179,313100
119989.361,313200
120066.228,313300
120146.373,313400
120214.393,313500
120290.364,313600
120352.095,313700
120413.885,313800
120487.796,313900
120592.681,314000
120675.915,314100
120761.803,314200
120881.983,314300
120956.370,314400
121039.232,314500
121119.607,314600
121188.847,314700
121252.804,314800
121326.299,314900
121401.806,315000
121476.554,315100
121546.283,315200
121637.389,315300
121712.447,315400
121802.848,315500
121881.874,315600
121957.315,315700
122029.722,315800
122130.904,315900
122205.259,316000
122271.877,316100
122340.640,316200
122411.187,316300
122473.462,316400
122547.156,316500
122645.595,316600
122725.170,316700
122800.540,316800
122871.245,316900
122951.783,317000
123021.038,317100
123086.541,317200
123158.325,317300
123238.311,317400
123324.314,317500
123397.117,317600
123467.309,317700
123565.506,317800
123627.451,317900
123705.183,318000
123771.864,318100
123847.012,318200
123909.740,318300
123964.680,318400
124028.907,318500
124097.827,318600
124186.790,318700
124274.613,318800
124342.764,318900
124414.002,319000
124487.764,319100
124559.135,319200
124649.334,319300
124706.469,319400
124772.919,319500
124866.835,319600
126361.881,319700
126467.340,319800
126587.513,319900
126689.648,320000
126770.538,320100
126841.461,320200
126910.176,320300
127008.123,320400
127063.904,320500
127132.901,320600
127216.551,320700
127314.293,320800
127395.963,320900
127489.122,321000
127567.255,321100
127644.313,321200
127723.066,321300
127808.825,321400
127877.514,321500
127952.076,321600
128022.271,321700
128088.008,321800
128171.584,321900
128248.114,322000
128332.909,322100
128411.924,322200
128500.160,322300
128594.374,322400
128673.507,322500
128766.394,322600
128863.909,322700
128959.798,322800
129040.287,322900
129136.959,323000
129230.394,323100
129322.965,323200
129409.203,323300
129493.982,323400
129578.366,323500
129666.842,323600
129752.536,323700
129834.787,323800
129901.116,323900
129984.628,324000
130057.175,324100
130155.122,324200
130248.104,324300
130338.254,324400
130435.578,324500
130535.298,324600
130608.338,324700
130686.336,324800
130767.362,324900
130841.676,325000
130936.332,325100
131031.299,325200
131142.507,325300
131227.263,325400
131353.209,325500
131426.137,325600
131513.533,325700
131605.991,325800
131680.791,325900
131751.657,326000
131851.389,326100
131937.274,326200
132024.693,326300
132105.704,326400
132193.022,326500
132279.608,326600
132402.109,326700
132486.390,326800
132568.750,326900
132646.996,327000
132735.386,327100
132811.183,327200
132918.915,327300
133006.394,327400
133090.559,327500
133180.734,327600
133262.000,327700
133345.171,327800
133420.452,327900
133494.741,328000
133569.212,328100
133647.651,328200
133753.477,328300
133844.232,328400
133927.758,328500
134016.992,328600
134101.125,328700
134187.608,328800
134285.440,328900
134380.282,329000
134456.576,329100
134543.956,329200
134635.521,329300
134714.710,329400
134820.690,329500
134914.553,329600
135002.858,329700
136496.955,329800
136644.037,329900
136777.286,330000
136909.725,330100
137023.228,330200
137159.571,330300
137283.377,330400
137443.205,330500
137559.051,330600
137694.057,330700
137825.534,330800
137959.473,330900
138098.345,331000
138204.090,331100
138307.259,331200
138420.454,331300
138541.079,331400
138668.623,331500
138789.625,331600
138894.855,331700
138999.490,331800
139103.567,331900
139187.580,332000
139307.033,332100
139410.035,332200
139513.141,332300
139628.798,332400
139756.536,332500
139856.822,332600
140000.846,332700
140131.283,332800
140243.576,332900
140358.283,333000
140463.330,333100
140570.605,333200
140680.299,333300
140784.402,333400
140893.026,333500
140994.858,333600
141090.310,333700
141200.273,333800
141290.716,333900
141390.793,334000
141502.898,334100
141592.141,334200
141698.566,334300
141826.828,334400
141983.083,334500
142090.933,334600
142211.566,334700
142338.376,334800
142453.997,334900
142566.263,335000
142668.722,335100
142770.684,335200
142891.261,335300
143000.154,335400
143103.785,335500
143209.482,335600
143325.972,335700
143402.520,335800
143483.957,335900
143564.849,336000
143666.665,336100
143756.511,336200
143829.043,336300
143930.955,336400
144012.565,336500
144130.718,336600
144231.476,336700
144345.064,336800
144427.533,336900
144507.878,337000
144613.472,337100
144722.311,337200
144825.741,337300
144948.637,337400
145064.743,337500
145170.407,337600
145317.014,337700
145412.347,337800
145530.662,337900
145656.824,338000
145768.674,338100
145896.367,338200
146011.960,338300
147412.897,338400
147520.736,338500
147657.736,338600
147774.360,338700
147922.664,338800
148071.407,338900
148208.437,339000
148354.700,339100
148459.334,339200
148588.774,339300
148724.751,339400
148818.015,339500
148925.612,339600
149042.520,339700
149185.149,339800
149299.484,339900
149401.401,340000
149513.896,340100
149634.350,340200
149761.173,340300
149896.499,340400
150033.886,340500
150179.102,340600
150291.450,340700
150391.738,340800
150478.429,340900
150572.365,341000
150667.705,341100
150759.456,341200
150851.339,341300
150968.642,341400
151056.650,341500
151167.354,341600
151280.072,341700
151396.674,341800
151490.578,341900
151595.713,342000
151689.666,342100
151776.855,342200
151863.096,342300
151962.320,342400
152057.722,342500
152196.015,342600
152309.113,342700
152415.400,342800
152542.333,342900
152640.797,343000
152757.758,343100
152876.831,343200
153014.905,343300
153140.286,343400
153251.757,343500
153395.644,343600
153506.245,343700
153614.546,343800
153737.888,343900
153866.542,344000
153975.438,344100
154073.986,344200
154170.037,344300
154257.501,344400
154379.524,344500
154503.989,344600
154601.651,344700
154709.365,344800
154856.388,344900
154970.341,345000
155067.722,345100
155173.797,345200
155293.816,345300
155397.384,345400
155504.848,345500
155646.381,345600
155754.688,345700
155874.786,345800
155984.973,345900
156090.957,346000
157740.590,346100
157905.529,346200
158089.837,346300
158261.245,346400
158417.456,346500
158578.688,346600
158715.553,346700
158866.716,346800
159032.373,346900
159190.395,347000
159349.902,347100
159508.220,347200
159685.189,347300
159867.637,347400
160026.634,347500
160179.734,347600
160296.002,347700
160439.559,347800
160621.131,347900
160758.587,348000
160952.686,348100
161107.065,348200
161253.421,348300
161431.232,348400
161585.595,348500
161714.361,348600
161846.552,348700
161995.156,348800
162144.146,348900
162234.347,349000
162360.548,349100
162460.131,349200
162582.913,349300
162713.373,349400
162808.963,349500
162930.379,349600
163047.627,349700
163142.202,349800
163264.891,349900
163384.949,350000
163493.004,350100
163641.343,350200
163823.639,350300
163980.657,350400
164104.974,350500
164228.573,350600
164336.221,350700
164445.217,350800
164570.984,350900
164708.199,351000
164836.422,351100
164977.260,351200
165124.703,351300
165267.764,351400
165426.158,351500
165555.848,351600
165697.751,351700
165837.774,351800
165973.606,351900
166127.655,352000
166273.348,352100
166413.962,352200
166569.429,352300
166699.571,352400
166833.898,352500
166959.132,352600
167088.867,352700
167227.114,352800
167354.406,352900
167481.141,353000
167610.152,353100
167751.621,353200
167886.159,353300
168029.642,353400
169514.976,353500
169648.038,353600
169776.971,353700
169883.317,353800
170024.204,353900
170179.202,354000
170305.148,354100
170447.450,354200
170610.250,354300
170757.619,354400
170866.636,354500
170983.348,354600
171114.810,354700
171239.991,354800
171370.067,354900
171501.863,355000
171618.104,355100
171748.769,355200
171872.287,355300
172000.450,355400
172159.913,355500
172295.007,355600
172415.454,355700
172536.746,355800
172647.689,355900
172797.870,356000
172931.272,356100
173050.526,356200
173190.152,356300
173298.104,356400
173415.944,356500
173530.750,356600
173652.889,356700
173749.912,356800
173859.124,356900
173969.867,357000
174100.222,357100
174246.176,357200
174370.520,357300
174463.069,357400
174581.222,357500
174744.753,357600
174880.160,357700
174992.261,357800
175117.449,357900
175249.237,358000
175361.147,358100
175495.092,358200
175642.689,358300
175765.280,358400
175900.258,358500
176055.559,358600
176203.228,358700
176317.606,358800
176433.762,358900
176584.620,359000
176744.239,359100
176875.272,359200
177021.625,359300
177156.852,359400
177264.803,359500
177389.706,359600
177496.589,359700
177577.240,359800
177685.291,359900
177800.316,360000
177910.589,360100
178030.744,360200
178154.095,360300
178277.047,360400
179789.862,360500
180015.025,360600
180220.144,360700
180411.638,360800
180583.064,360900
180779.174,361000
181042.005,361100
181262.916,361200
181558.166,361300
181755.746,361400
181923.496,361500
182099.625,361600
182313.342,361700
182472.585,361800
182626.125,361900
182809.137,362000
183043.287,362100
183259.831,362200
183401.995,362300
183567.258,362400
183716.674,362500
183877.409,362600
184065.316,362700
184309.595,362800
184452.377,362900
184616.509,363000
184799.721,363100
184958.798,363200
185167.580,363300
185357.910,363400
185507.972,363500
185665.097,363600
185813.201,363700
185972.125,363800
186126.509,363900
186307.335,364000
186436.802,364100
186643.156,364200
186837.239,364300
187037.970,364400
187235.804,364500
187456.590,364600
187633.853,364700
187816.878,364800
188026.254,364900
188225.297,365000
188458.810,365100
188655.383,365200
188819.099,365300
190337.376,365400
190548.376,365500
190768.822,365600
190959.968,365700
191179.371,365800
191372.200,365900
191577.718,366000
191769.768,366100
191931.636,366200
192075.808,366300
192285.652,366400
192448.588,366500
192579.817,366600
192725.339,366700
192851.260,366800
192980.663,366900
193103.056,367000
193256.300,367100
193417.932,367200
193570.432,367300
193784.571,367400
193974.375,367500
194219.905,367600
194419.345,367700
194611.250,367800
194833.090,367900
195061.212,368000
195174.240,368100
195339.592,368200
195480.706,368300
195684.253,368400
195883.653,368500
196102.527,368600
196305.920,368700
196482.906,368800
196608.080,368900
196722.695,369000
196846.244,369100
196978.080,369200
197121.258,369300
197235.107,369400
197378.109,369500
197524.947,369600
197738.243,369700
197898.314,369800
198063.329,369900
198194.754,370000
199711.404,370100
199878.261,370200
200044.910,370300
200190.296,370400
200351.390,370500
200512.960,370600
200641.193,370700
200796.096,370800
200937.252,370900
201098.450,371000
201276.275,371100
201429.891,371200
201565.829,371300
201733.713,371400
201905.296,371500
202052.527,371600
202213.164,371700
202360.032,371800
202504.328,371900
202638.536,372000
202790.789,372100
202910.318,372200
203069.564,372300
203203.658,372400
203389.382,372500
203527.510,372600
203729.864,372700
203915.712,372800
204063.168,372900
204196.421,373000
204331.027,373100
204491.288,373200
204609.048,373300
204766.802,373400
204903.327,373500
205138.391,373600
205310.377,373700
205537.177,373800
205725.910,373900
205889.174,374000
206082.926,374100
206253.671,374200
206438.983,374300
206605.694,374400
206781.746,374500
206982.085,374600
207218.611,374700
207399.458,374800
207603.769,374900
207833.971,375000
207997.122,375100
208139.669,375200
208281.443,375300
208449.958,375400
208626.498,375500
208769.369,375600
210337.765,375700
210517.712,375800
210695.666,375900
210924.111,376000
211109.208,376100
211270.072,376200
211475.969,376300
211630.244,376400
211835.625,376500
212044.001,376600
212214.990,376700
212420.823,376800
212685.726,376900
212864.506,377000
213042.660,377100
213216.017,377200
213354.247,377300
213486.268,377400
213647.941,377500
213788.989,377600
213933.824,377700
214110.887,377800
214312.900,377900
214483.921,378000
214662.503,378100
214862.300,378200
215058.739,378300
215203.131,378400
215356.264,378500
215525.573,378600
215678.972,378700
215853.658,378800
216023.005,378900
216185.381,379000
216347.180,379100
216539.567,379200
216767.914,379300
216937.855,379400
217108.808,379500
217263.423,379600
217452.034,379700
217689.357,379800
217852.405,379900
218010.191,380000
218169.461,380100
218305.664,380200
218488.962,380300
218657.080,380400
218801.690,380500
218978.978,380600
219123.020,380700
219283.590,380800
219430.949,380900
219595.063,381000
219751.838,381100
219924.921,381200
220076.451,381300
221653.612,381400
221856.905,381500
222085.338,381600
222311.839,381700
222584.628,381800
222838.970,381900
223120.125,382000
223449.775,382100
223698.103,382200
223948.730,382300
224186.294,382400
224417.761,382500
224625.410,382600
224856.929,382700
225100.702,382800
225279.238,382900
225538.266,383000
225753.861,383100
225959.305,383200
226174.836,383300
226366.291,383400
226581.583,383500
226774.270,383600
226944.123,383700
227112.754,383800
227303.570,383900
227480.354,384000
227705.427,384100
227896.454,384200
228048.817,384300
228268.764,384400
228431.624,384500
228581.540,384600
228739.590,384700
228864.550,384800
229056.161,384900
229226.622,385000
229389.689,385100
229576.461,385200
229755.242,385300
229910.717,385400
230133.865,385500
230298.102,385600
230484.802,385700
230667.768,385800
230810.318,385900
230984.137,386000
231165.722,386100
231314.830,386200
231523.931,386300
231723.675,386400
231914.108,386500
233504.648,386600
233747.014,386700
233981.644,386800
234236.755,386900
234424.053,387000
234646.601,387100
234893.114,387200
235145.037,387300
235358.995,387400
235605.405,387500
235838.817,387600
236033.146,387700
236254.005,387800
236499.930,387900
236788.060,388000
237059.828,388100
237293.589,388200
237531.862,388300
237745.220,388400
237938.623,388500
238136.772,388600
238351.893,388700
238565.771,388800
238788.395,388900
238974.589,389000
239178.009,389100
239446.144,389200
239661.002,389300
239867.224,389400
240110.248,389500
240390.846,389600
240618.001,389700
240808.290,389800
241076.654,389900
241300.129,390000
241488.827,390100
241643.492,390200
241801.884,390300
241988.886,390400
242139.324,390500
242281.691,390600
242474.373,390700
242639.099,390800
242838.156,390900
242995.248,391000
243174.384,391100
244844.305,391200
245088.130,391300
245330.003,391400
245569.028,391500
245808.658,391600
245993.161,391700
246230.540,391800
246482.545,391900
246784.757,392000
247042.271,392100
247326.845,392200
247547.895,392300
247811.262,392400
248054.656,392500
248262.689,392600
248505.052,392700
248710.397,392800
248979.373,392900
249200.586,393000
249432.581,393100
249631.154,393200
249839.380,393300
250055.219,393400
250326.372,393500
250534.649,393600
250765.726,393700
250988.775,393800
251214.343,393900
251443.291,394000
251722.642,394100
252009.711,394200
252270.096,394300
252550.778,394400
252769.408,394500
252976.184,394600
253158.688,394700
253354.999,394800
253560.997,394900
253753.402,395000
253976.493,395100
254195.699,395200
254422.061,395300
254657.038,395400
254893.856,395500
255098.497,395600
257013.151,395700
257259.658,395800
257491.335,395900
257758.677,396000
258024.108,396100
258344.550,396200
258667.436,396300
258941.108,396400
259178.880,396500
259381.240,396600
259605.138,396700
259836.142,396800
260052.933,396900
260299.080,397000
260496.667,397100
260710.023,397200
260953.563,397300
261193.567,397400
261428.697,397500
261634.418,397600
261843.378,397700
262081.999,397800
262265.265,397900
262480.247,398000
262680.584,398100
262911.605,398200
263109.442,398300
263349.969,398400
263604.376,398500
263881.717,398600
264110.563,398700
264376.164,398800
264614.299,398900
264836.959,399000
265040.041,399100
265292.019,399200
265521.143,399300
265753.351,399400
266045.725,399500
266293.361,399600
266563.910,399700
266791.827,399800
268554.392,399900
268846.103,400000
269139.573,400100
269463.883,400200
269716.739,400300
269989.424,400400
270367.800,400500
270752.909,400600
271138.760,400700
271513.445,400800
271846.358,400900
272227.394,401000
272532.787,401100
272799.967,401200
273144.987,401300
273416.914,401400
273670.307,401500
273889.730,401600
274167.829,401700
274388.313,401800
274651.939,401900
274880.472,402000
275116.794,402100
275304.274,402200
275562.217,402300
275800.955,402400
276010.992,402500
276233.953,402600
276480.983,402700
276698.930,402800
276927.050,402900
277145.088,403000
277355.018,403100
277540.459,403200
277809.324,403300
278005.280,403400
278177.503,403500
278391.958,403600
278635.804,403700
278836.014,403800
280553.878,403900
280818.580,404000
281058.328,404100
281298.331,404200
281522.428,404300
281758.452,404400
282064.762,404500
282339.024,404600
282635.033,404700
282834.707,404800
283157.566,404900
283412.175,405000
283725.738,405100
284016.805,405200
284289.205,405300
284555.125,405400
284875.085,405500
285118.661,405600
285325.218,405700
285605.220,405800
285852.925,405900
286055.485,406000
286311.308,406100
286571.131,406200
286789.914,406300
287037.371,406400
287218.409,406500
287436.507,406600
287685.738,406700
287913.326,406800
288139.884,406900
288390.460,407000
288579.954,407100
288794.480,407200
289014.298,407300
289197.601,407400
289420.820,407500
289634.047,407600
289799.997,407700
290005.545,407800
290244.939,407900
290427.904,408000
292043.752,408100
292369.937,408200
292705.159,408300
293044.616,408400
293425.438,408500
293734.337,408600
294023.993,408700
294375.712,408800
294777.223,408900
295059.194,409000
295340.751,409100
295681.546,409200
296004.387,409300
296382.250,409400
296681.609,409500
296960.582,409600
297198.413,409700
297403.241,409800
297633.300,409900
297900.082,410000
298125.115,410100
298329.070,410200
298556.746,410300
298809.383,410400
299028.961,410500
299280.549,410600
299474.093,410700
299692.020,410800
299934.135,410900
300120.116,411000
300369.244,411100
300626.757,411200
300879.843,411300
301118.996,411400
301371.053,411500
301578.824,411600
301820.430,411700
302071.855,411800
302288.534,411900
302510.530,412000
304217.800,412100
304575.617,412200
304934.317,412300
305260.938,412400
305572.939,412500
305910.044,412600
306216.410,412700
306465.542,412800
306656.856,412900
306910.240,413000
307091.376,413100
307373.867,413200
307672.595,413300
307991.264,413400
308268.641,413500
308543.368,413600
308817.242,413700
309075.627,413800
309280.976,413900
309525.077,414000
309780.225,414100
310017.011,414200
310300.210,414300
310564.116,414400
310832.253,414500
311078.681,414600
311389.888,414700
311661.949,414800
311848.018,414900
312049.636,415000
312278.497,415100
312532.870,415200
312751.850,415300
313002.515,415400
313203.370,415500
313435.380,415600
313673.519,415700
313895.982,415800
315861.772,415900
316521.781,416000
317187.524,416100
317712.648,416200
318221.617,416300
318673.434,416400
319162.812,416500
319611.164,416600
319985.116,416700
320336.269,416800
320678.362,416900
320992.984,417000
321272.867,417100
321579.108,417200
321950.610,417300
322286.516,417400
322578.905,417500
322886.099,417600
323190.421,417700
323483.082,417800
323711.372,417900
323989.027,418000
324269.555,418100
324509.009,418200
324787.992,418300
325042.365,418400
325331.237,418500
325596.351,418600
325921.100,418700
326121.736,418800
326350.962,418900
326560.379,419000
326767.526,419100
326984.606,419200
327210.777,419300
327493.287,419400
327704.466,419500
327923.496,419600
329402.715,419700
329694.270,419800
329965.029,419900
330204.682,420000
330396.434,420100
330631.543,420200
330873.550,420300
331125.842,420400
331394.177,420500
331675.294,420600
331911.598,420700
332156.431,420800
332407.469,420900
332607.918,421000
332824.096,421100
333087.176,421200
333301.211,421300
333532.620,421400
333764.415,421500
333997.956,421600
334254.875,421700
334487.118,421800
334740.300,421900
334975.438,422000
335198.841,422100
335442.887,422200
335697.458,422300
335990.592,422400
336241.372,422500
336553.610,422600
336791.419,422700
337028.352,422800
337246.293,422900
337491.160,423000
337702.991,423100
337941.609,423200
338144.957,423300
338407.880,423400
338635.181,423500
340278.584,423600
340632.870,423700
340939.998,423800
341277.525,423900
341593.224,424000
341943.267,424100
342410.528,424200
342759.249,424300
343100.962,424400
343468.312,424500
343779.568,424600
344145.026,424700
344492.684,424800
344836.442,424900
345077.750,425000
345365.354,425100
345622.315,425200
345932.524,425300
