timestamp_ms,disk_usage
0,463794176
5762,466100224
11493,473120768
17216,478318592
22906,482590720
28616,487555072
34328,494100480
40053,502104064
45850,507162624
51537,515334144
57225,530284544
62918,550055936
68623,584908800
74308,651362304
80076,803454976
85803,891494400
91503,962457600
97210,1046732800
102952,1123192832
108676,1248579584
114441,1307979776
120150,1598078976
125868,1878532096
131633,2121842688
137324,2202312704
143082,2566012928
148880,2749235200
154700,2955022336
171865,3639459840
177615,3919785984
183421,4218068992
189456,4479987712
195207,5078290432
200982,4813316096
206801,4803923968
212533,5077516288
218257,5342281728
223964,5896036352
229710,6077452288
235478,6176579584
241194,6518603776
246968,6657544192
252717,6471032832
258418,6839091200
264165,7112220672
269972,7270612992
275756,7664218112
281474,7776919552
287204,8436416512
292979,8536162304
298775,8784134144
304535,9445642240
310285,9245425664
316102,10142261248
321868,9702166528
327600,10507751424
333414,10983178240
339206,10715668480
344942,11517063168
350748,11862589440
356550,12077035520
362295,12289687552
368184,12323352576
373904,12485394432
379691,13231108096
385419,13962772480
391224,13891887104
397074,14203678720
402864,14729699328
408649,14882471936
414451,14943129600
420230,15340343296
426024,14784589824
431821,15545147392
437612,16306503680
443376,16062459904
449110,16506273792
454877,17462444032
460645,17399070720
466466,17039093760
472222,17936728064
478031,18693898240
483825,18637426688
489566,18623934464
495337,19209715712
501098,19567939584
506867,19922915328
512663,19874619392
518504,20405641216
524245,21091815424
530053,21325586432
535875,21201092608
541631,21718990848
547374,22431178752
553162,22633046016
558928,23659438080
564741,23728541696
570495,23625072640
576291,24127684608
582078,24220282880
587870,25175887872
593632,25776590848
599420,25410772992
605273,26264002560
611034,27007700992
622662,27778191360
628435,28356227072
634241,28163379200
640006,28848943104
645783,29453012992
651525,29339009024
657299,29561245696
663006,30128590848
668814,30532845568
674596,30849933312
680353,31517024256
686086,31408762880
691882,31774429184
697692,32407375872
703461,32747188224
709251,32989659136
715031,33468719104
720803,33647611904
726610,33737732096
732411,34014900224
738140,35088900096
743913,34882912256
749648,35354447872
755458,36298297344
761302,36389470208
767068,36308766720
772858,36809179136
778655,37538066432
784443,37953789952
790176,37906862080
795972,38935506944
801777,39801606144
807503,39979581440
813374,39488638976
819145,39390056448
824898,40250683392
830639,40585453568
836329,40419790848
842096,40738418688
847819,41087938560
853577,41215397888
859292,41754939392
865004,42093408256
870750,42846375936
876505,43045072896
882242,42885218304
888055,42949066752
893815,43388850176
899546,42891255808
905273,43366563840
911012,44321894400
916768,44535205888
922507,45166678016
928247,45279068160
934042,44729769984
939774,45605105664
945529,45396451328
951272,46174171136
957019,47095054336
962767,47835889664
968576,47439327232
974357,47917563904
980141,48121438208
985986,48432140288
991754,48645881856
997563,49354838016
1003328,49989742592
1009138,50077954048
1014989,49896214528
1020839,50495041536
1026708,51201830912
1032532,51366805504
1038253,51994169344
1044024,51482505216
1049790,52331233280
1055572,52818702336
1061378,52915224576
1067177,53008916480
1072966,53776293888
1078728,53941063680
1084458,54286413824
1090230,54451298304
1095965,55090987008
1101779,55498788864
1107562,55805427712
1113269,56417783808
1119025,56881725440
1124809,57201897472
1130580,57379848192
1136281,57918558208
1142027,58725801984
1147789,58019971072
1153672,58089779200
1159413,59083403264
1165156,59960238080
1170910,59589484544
1176744,59630333952
1182489,60298027008
1188236,61404913664
1194013,61384466432
1199868,61733007360
1205588,61064138752
1211330,61262262272
1217070,61382950912
1222774,62137573376
1228548,63128231936
1234317,62654173184
1240078,63554912256
1245851,64027176960
1251635,64386695168
1257410,63854448640
1263102,63484887040
1268870,63493169152
1274607,64405262336
1280323,65395986432
1286088,65997537280
1291891,65950957568
1297696,65700163584
1303479,65393332224
1309233,66492903424
1315003,67153313792
1320780,67532120064
1326468,67761479680
1332197,67570348032
1337950,67491627008
1343684,68088336384
1349442,68591534080
1355211,68430438400
1360911,68713553920
1366662,69112356864
1372409,69321940992
1378184,69184585728
1383930,69708308480
1389655,69495545856
1395459,70118854656
1401211,70206636032
1406969,71112081408
1412732,71438053376
1418576,71384289280
1424399,71007027200
1430164,71828697088
1435920,72824729600
1441726,72772059136
1447484,73233371136
1453259,72892751872
1459038,73561174016
1464739,74114904064
1470461,73646387200
1476179,74459054080
1481937,74896777216
1487707,74668077056
1493409,75566583808
1499187,74891546624
1504936,75499003904
1510630,76414824448
1516365,76806348800
1522133,77173424128
1527886,77604249600
1533710,77124812800
1539458,77132902400
1545148,77536460800
1550866,78364647424
1556553,79074070528
1562360,78410338304
1568065,79514025984
1573800,79665659904
1579529,79398191104
1585286,79827439616
1591026,79641047040
1596759,80243597312
1602442,81119387648
1608144,81599205376
1613914,81821540352
1619674,81344303104
1625454,80873504768
1631194,81732833280
1636895,82267054080
1642604,82590347264
1648333,83569487872
1654040,83940954112
1659802,83367813120
1665503,84169580544
1671192,85051736064
1676927,85042511872
1682700,84399833088
1688389,85516029952
1694118,84878831616
1699853,84281303040
1705561,85111406592
1711285,86151442432
1717002,87119159296
1722758,86431449088
1728449,87859941376
1734173,87737528320
1739908,86440726528
1745626,86919000064
1751413,86604550144
1757206,87008915456
1762957,87200526336
1768724,88065720320
1774429,88802996224
1780173,88326955008
1785926,88540098560
1791617,89147604992
1797313,89228193792
1802969,89588047872
1808716,89751154688
1814490,90072412160
1820243,90663256064
1826009,90582843392
1831713,90652213248
1837497,91030364160
1843291,90415116288
1848990,91518205952
1854728,91367763968
1860535,91645648896
1866246,92412100608
1872037,92647993344
1877843,92912242688
1883570,93807972352
1889291,93700956160
1895011,92964556800
1900768,92904857600
1906524,93267922944
1912249,94412783616
1917963,94495195136
1923691,95528075264
1929424,95224885248
1935102,95077687296
1940889,95718694912
1946677,95447347200
1952440,95290396672
1958123,96337756160
1963889,96239570944
1969623,96514678784
1975324,96239939584
1981016,96041570304
1986799,96369213440
1992566,97065852928
1998284,98205495296
2004028,98368221184
2009782,98767474688
2015501,98356264960
2021249,98965196800
2026987,99474059264
2032784,98893398016
2038571,99495489536
2044274,99939684352
2050022,99210067968
2055770,99699486720
2061532,99607998464
2067313,100351758336
2073029,101067599872
2078801,100479074304
2084565,101132304384
2090277,100849455104
2095982,101358141440
2101726,101938069504
2107446,102280445952
2113183,102723190784
2118949,103047794688
2124626,102260604928
2130338,102506135552
2136057,102708572160
2141810,102708572160
2147543,103461130240
2153288,103632736256
2158991,105318076416
2164739,104865275904
2170504,105063051264
2176252,105158070272
2181949,104970952704
2187635,105071243264
2193367,104950665216
2199052,106270334976
2204774,106302509056
2210481,106693947392
2216271,106269851648
2222048,106712043520
2227800,107489820672
2233547,107111002112
2239348,107575361536
2245135,107264950272
2250829,108797075456
2256630,108341518336
2262390,108268130304
2268143,108250087424
2273864,108853837824
2279607,108772466688
2285327,110002556928
2291047,110284529664
2296752,110608420864
2302495,109600284672
2308187,109545750528
2313945,109420736512
2319701,110402822144
2325488,110049804288
2331289,111090253824
2337015,110868205568
2342701,112041299968
2348415,112129740800
2354161,111042437120
2359876,111285719040
2365613,111691128832
2371301,111755939840
2376988,112743882752
2382723,112737103872
2388424,113768042496
2394093,113911595008
2399805,114218844160
2405546,114646114304
2411340,114286317568
2417046,113815883776
2422857,113923424256
2428562,114974138368
2434319,114686349312
2440040,115787624448
2445768,115908374528
2451501,116253978624
2457245,116134109184
2462940,116104679424
2468730,116165812224
2474488,116735143936
2480237,116727787520
2486008,117228507136
2491769,117431685120
2497530,117983797248
2503259,118551617536
2509039,117985083392
2514727,119307374592
2520498,118758313984
2526226,119286591488
2531916,118672412672
2537644,118743961600
2543465,119050403840
2549246,118798123008
2554962,119687954432
2560679,119302971392
2566408,119485870080
2572161,119932190720
2577796,120191488000
2583477,121118027776
2589169,120450289664
2594924,120084615168
2600607,121413746688
2606343,121227374592
2612035,122221305856
2617777,121725501440
2623488,121790529536
2629148,122066935808
2634910,122023931904
2640597,122835099648
2646347,122369552384
2652082,122369552384
2657719,123541299200
2663455,123903229952
2669209,123683033088
2674894,125014720512
2680614,123846848512
2686345,123846848512
2692063,124153384960
2697770,124080869376
2703475,124167589888
2709230,125148561408
2714989,124141129728
2720708,124528963584
2726442,125113700352
2732144,125076172800
2737835,125596495872
2743585,125288648704
2749336,126042284032
2755051,126966456320
2760726,127079809024
2772245,128307384320
2778022,127156011008
2783752,127369764864
2789487,126714597376
2795287,126274920448
2801039,127222296576
2806852,127155265536
2812568,127155265536
2818271,127583461376
2823972,127918600192
2829626,128245153792
2835351,128906813440
2841113,128848015360
2846840,128815652864
2852616,128345841664
2858375,128345841664
2864111,128616030208
2869840,128616030208
2875508,129885597696
2881267,130132541440
2886937,130340028416
2892660,131253870592
2898384,131035668480
2904079,131018371072
2909832,132543979520
2915558,131610234880
2921282,132372344832
2927068,130655932416
2932792,130655932416
2938493,131868930048
2944242,131789692928
2949979,132194217984
2955778,132741533696
2961534,132721250304
2967245,133149040640
2973071,133332508672
2978808,132930007040
2984525,132931444736
2990270,133274894336
2996012,133352796160
3001714,133324902400
3007440,133645344768
3013122,134581751808
3018847,134148829184
3024619,134377648128
3030372,134909972480
3036117,135112458240
3041846,135137460224
3047578,134767849472
3053302,135659024384
3059033,135858233344
3064755,135858233344
3070449,136406528000
3076235,135644274688
3082023,135950852096
3087788,136103448576
3093506,136945852416
3099263,137406717952
3105000,137688170496
3110783,137556451328
3116453,138144931840
3122173,138448203776
3127823,139443503104
3133526,138321825792
3139282,137854668800
3145074,138377957376
3150830,138074144768
3156601,138647814144
3162402,138318438400
3168122,139235602432
3173913,139722608640
3179671,140002004992
3185447,139348471808
3191165,139350179840
3196905,139767250944
3202651,139949465600
3208392,140164669440
3214157,140182876160
3219862,141083680768
3225613,141086507008
3231303,141705842688
3237054,141995798528
3242795,141669351424
3248453,141807996928
3254240,141214666752
3260045,141254893568
3265863,141567315968
3271611,141567315968
3277345,142221238272
3283096,142366195712
3288873,142366195712
3294577,142490730496
3300313,142576566272
3306061,143366275072
3311805,143143305216
3317599,143143305216
3323238,144284024832
3328989,144155914240
3334762,144383664128
3340500,144291446784
3346279,143968251904
3351988,144728567808
3357774,144576651264
3363501,144852062208
3369298,145050873856
3375078,145072312320
3386529,145839845376
3392292,146379599872
3398030,146737332224
3403759,146628956160
3409488,147413671936
3415253,146272632832
3421017,146972721152
3426785,146453856256
3432543,146478243840
3438258,147205677056
3443975,147292008448
3449709,148068417536
3455392,148767940608
3461212,148197457920
3466906,149057736704
3472702,148342595584
3478474,149185142784
3484278,148038557696
3490026,148490186752
3495791,149141757952
3501457,149147516928
3507198,150158004224
3513020,149476179968
3518740,149310775296
3524434,149310775296
3530191,149963227136
3535926,150342656000
3541676,149854822400
3547454,151040143360
3553187,150339932160
3558951,150199586816
3564653,150405771264
3570428,151228801024
3576166,151334748160
3581886,151500177408
3587561,151996469248
3593295,151631073280
3599042,151921786880
3604800,151644835840
3610555,152493039616
3616313,152710926336
3622055,152962830336
3627796,153224650752
3633609,152841539584
3639357,153765867520
3645099,153259585536
3650838,153316679680
3656625,153423343616
3662357,154288357376
3668118,154426916864
3673865,155232968704
3679614,155585675264
3685344,155304689664
3691158,154497400832
3696944,154497400832
3702658,154794749952
3708370,155317960704
3714088,155573415936
3719806,155988320256
3725548,156119900160
3731368,156627611648
3737169,156623462400
3742851,157973168128
3748609,158262013952
3754401,158267338752
3760144,156643794944
3765921,156668919808
3771642,157673041920
3777426,157714059264
3783120,158501244928
3788838,158429626368
3794444,158070140928
3800192,158070140928
3805904,158872039424
3811654,158593191936
3817385,159317950464
3823106,159308152832
3828873,159338586112
3834619,159134531584
3840377,159504224256
3846136,160367308800
3851861,160674455552
3857644,160050593792
3863433,160425197568
3869159,159939592192
3874871,160605585408
3880662,160482516992
3886366,161165606912
3892061,161288642560
3897808,162414075904
3903585,162294419456
3909294,162078924800
3915010,162757545984
3920726,162124603392
3926488,161334386688
3932215,161802661888
3937984,162330640384
3943727,162796244992
3949481,162947661824
3955188,163787747328
3960914,163268812800
3966629,163327991808
3972389,162784354304
3978150,162784354304
3983880,163522437120
3989627,163919282176
3995318,164508303360
4001016,164789354496
4006723,165467394048
4012500,165679702016
4018220,165304311808
4023925,165304311808
4029672,166623256576
4035430,165910749184
4041160,165597741056
4046829,165597741056
4052563,165071556608
4058308,165090091008
4064009,165725278208
4069729,166238650368
4075483,166263808000
4081213,167012798464
4086935,166398078976
4092668,166398078976
4098368,167820681216
4104106,167210311680
4109821,167210311680
4115538,167459065856
4121251,167789416448
4126974,167865626624
4132734,168311611392
4138489,167954833408
4144190,168164708352
4149896,168738181120
4155624,168589131776
4161351,168720953344
4167039,168720953344
4172719,169111076864
4178404,169329004544
4184108,168554897408
4189820,169693057024
4195518,169550098432
4201252,170521153536
4206996,170540011520
4212703,170926239744
4218453,170543271936
4224246,169479561216
4230012,170431332352
4235749,170839703552
4241376,170904973312
4247038,170904973312
4252699,170721509376
4258461,170745438208
4264172,170999246848
4269948,171579162624
4275685,171636482048
4281575,172366516224
4287348,172042346496
4293062,172186411008
4298827,172191604736
4304591,172191604736
4310253,173278339072
4316058,172601774080
4321830,173136756736
4327578,173042774016
4333286,173042774016
4338968,174388183040
4344714,173749497856
4350432,173773168640
4356191,174703534080
4361977,174486487040
4367714,174737154048
4373460,174153170944
4379186,174153170944
4384913,175014334464
4390667,175145807872
4396402,175375921152
4402164,175770808320
4407925,175706390528
4413682,176705200128
4419433,177081475072
4425206,176464117760
4430896,177237856256
4436648,176984977408
4442394,176984977408
4448128,176887209984
4453861,176887209984
4459606,177686237184
4465307,177547612160
4471111,178036793344
4476844,179468996608
4482610,178695725056
4488343,178905284608
4494068,179210022912
4499845,178914701312
4505541,180110249984
4511254,179951808512
4516967,181296062464
4522710,180583809024
4528493,180575928320
4534222,182317445120
4539961,181256835072
4545769,181869211648
4551537,181819342848
4557337,181733900288
4563075,182887079936
4568883,182815727616
4574615,182815727616
4580377,183849246720
4586141,183722115072
4591904,183538552832
4597622,184278114304
4603387,183628193792
4609108,183628193792
4614870,184096182272
4620629,184409628672
4626367,184208445440
4632219,184853508096
4637990,184853508096
4643716,186158620672
4649500,185488957440
4655210,185089073152
4660987,185848766464
4666722,186789830656
4672485,186287198208
4678263,186286620672
4684042,186287800320
4689819,186287800320
4695522,187558473728
4701274,187410444288
4707066,187455639552
4712769,187827027968
4718555,187245039616
4724321,187245039616
4730066,188314685440
4735943,188359229440
4741699,188359229440
4747411,188896632832
4753104,189016743936
4758866,189016743936
4770267,189736103936
4776006,190203342848
4781833,191327207424
4787590,191242944512
4793301,190961995776
4799105,191076786176
4804768,190856663040
4810547,190856663040
4816266,191140118528
4822023,191276818432
4827753,191276818432
4833453,192686567424
4839229,193316675584
4844955,193258127360
4850563,193347403776
4856366,193928474624
4862171,193127157760
4867881,193127157760
4873675,193127157760
4879434,193355366400
4885176,194536038400
4890959,193769123840
4896686,193769123840
4902446,193769123840
4908204,193661181952
4913925,193949118464
4919687,193179811840
4925433,193179811840
4931215,193179811840
4936929,194363125760
4942639,194144641024
4948412,194144641024
4954198,194144641024
4959902,195179843584
4965660,195045212160
4971434,194370437120
4977219,194370437120
4982906,195425546240
4988637,195036340224
4994301,195036340224
5000036,195038142464
5005810,196038410240
5011569,196152967168
5017296,196154064896
5023045,197251239936
5028839,197612003328
5034621,197173522432
5040381,197584240640
5046100,197935005696
5051861,197568667648
5057634,197233352704
5063334,197931982848
5069097,196506320896
5074838,196506320896
5080537,196506320896
5086235,197429571584
5091989,198112329728
5097740,198075490304
5103476,198289842176
5109278,198965313536
5115041,198942326784
5120793,200078073856
5126568,200666365952
5132278,200058458112
5138062,200058458112
5143842,200091848704
5149667,200193269760
5155444,200193269760
5161230,200193269760
5166936,201204678656
5172666,201243910144
5178393,201441218560
5184139,201441218560
5189843,202332819456
5195603,203115778048
5201333,202881273856
5207077,202881273856
5212864,203019444224
5218653,204247584768
5224363,203167612928
5230114,203251802112
5235918,203251802112
5241633,204597014528
5247377,203552006144
5253111,203679428608
5258861,203679428608
5264627,203679428608
5270360,204661022720
5276105,204633575424
5281852,204689723392
5287614,204689723392
5293361,205373464576
5299118,204880809984
5304833,204880809984
5310582,204880809984
5316308,205323419648
5322038,205285646336
5327771,205014355968
5333444,205014355968
5339205,204412698624
5344931,204734767104
5350655,205032087552
5356309,205032087552
5362073,205862850560
5367797,205511983104
5373563,205334503424
5379259,205456404480
5384951,205456404480
5390665,206136901632
5396408,205899055104
5402142,205899055104
5407936,205899055104
5413647,206845894656
5419409,207503634432
5425095,206941085696
5430808,206941085696
5436462,206941085696
5442175,206941085696
5447859,208050688000
5453588,206930259968
5459297,206930259968
5465070,206930259968
5470830,206930259968
5476541,208003461120
5482242,207741591552
5487999,207784247296
5493725,207784247296
5499425,208115171328
5505290,208622919680
5511063,208939438080
5516807,208939438080
5522561,208939438080
5528383,209853353984
5534096,210348466176
5539873,209759481856
5545622,209759481856
5551322,209080401920
5557075,208628531200
5562867,208628531200
5568627,209836912640
5574440,209591955456
5580131,209591955456
5585856,210889752576
5591620,211404505088
5597344,211453575168
5603046,211861819392
5608890,212306190336
5614640,211620372480
5620481,211620372480
5626198,212473163776
5631935,211575566336
5637700,211575566336
5643404,211575566336
5649132,212366888960
5654848,213238190080
5660627,213603926016
5666396,213563207680
5672108,213897494528
5677952,214175301632
5683718,214175301632
5689472,214423097344
5695279,214575890432
5701042,214226161664
5706766,213982330880
5712519,213591543808
5718271,213469401088
5724004,213469401088
5729708,214263414784
5735491,215157932032
5741280,215270567936
5747008,215270699008
5752733,216379875328
5758485,215904456704
5764173,216011964416
5769797,216011964416
5775516,216457084928
5781244,217184497664
5787002,217299300352
5792719,216987959296
5798499,216987959296
5804302,216987959296
5810030,216909377536
5815747,216105906176
5821474,216105906176
5827206,216105906176
5832970,216105906176
5838730,217133907968
5844531,217380745216
5850291,217380745216
5856050,217380745216
5861794,217380745216
5867508,217688322048
5873284,218200772608
5878973,218624544768
5884730,218722168832
5890520,218722168832
5896280,218722168832
5901942,219805175808
5907684,219655741440
5913421,219483930624
5919187,219120451584
5924970,219120451584
5930740,219120451584
5936492,219120451584
5942261,218509533184
5948023,218293100544
5953760,218293100544
5959491,218293100544
5965203,218293100544
5970968,219209072640
5976675,219860475904
5982382,220411146240
5988200,220389007360
5993919,220389007360
5999653,220389007360
6005336,220389007360
6010987,220389007360
6016692,220389007360
6022395,221323448320
6028111,220162797568
6033764,220162797568
6039498,220162797568
6045205,220819218432
6050914,221240545280
6056669,220921610240
6062369,220921610240
6068120,221890580480
6073869,221712510976
6079579,221846306816
6085304,221846306816
6090958,221846327296
6096747,222505762816
6102487,222130028544
6108265,222130028544
6113954,222130028544
6119666,223199092736
6125362,223423479808
6131099,223423463424
6136802,223423463424
6142552,223423463424
6148296,223911362560
6154036,224819077120
6159800,224216584192
6165568,224216584192
6171341,224216584192
6177060,224216584192
6182758,224216584192
6188492,224248741888
6194265,224113283072
6199972,223923384320
6205710,223923384320
6211396,223923384320
6217152,224875446272
6222938,224358551552
6228720,224946601984
6234430,224727855104
6240153,224727855104
6245859,225723379712
6251585,225460170752
6257389,225546514432
6263138,225546514432
6268878,225546514432
6274611,226738020352
6280335,227078279168
6285998,226311004160
6291728,226311004160
6297401,227479568384
6303186,227575234560
6308954,227081613312
6314620,227081613312
6320391,227081613312
6326108,228027281408
6331866,227328643072
6337609,227478196224
6343329,227478196224
6349002,227478196224
6354640,227478196224
6360404,228439474176
6366188,228839313408
6371896,228944105472
6377573,228944105472
6383288,228944105472
6389064,228944105472
6394845,228944105472
6400559,229980446720
6406347,229608726528
6412138,229190270976
6417826,229190270976
6423538,229190270976
6429295,229190270976
6435042,229190270976
6440770,230242332672
6446605,229467709440
6452415,229156794368
6458164,229156794368
6463918,229156794368
6469659,229156794368
6475359,229156794368
6481097,229496205312
6486844,228962365440
6492602,228962365440
6498360,228962365440
6504060,228962365440
6509797,229300686848
6515596,230409838592
6521349,231236583424
6527068,231174201344
6532731,231174201344
6538397,231174201344
6544081,231174201344
6549793,232265736192
6555534,231127711744
6561264,230899474432
6566944,230899474432
6572647,230899474432
6578424,230899474432
6584144,231848300544
6589841,231455768576
6595586,231078727680
6601337,231078727680
6607033,231078727680
6612746,231078727680
6618462,232088535040
6624163,231891357696
6629911,231539068928
6635650,231539068928
6641376,231539068928
6647125,231539068928
6652866,232549089280
6658627,232597512192
6664335,232597512192
6670048,232597512192
6675761,232597512192
6681473,232597512192
6687186,233557803008
6692874,233571958784
6698630,233444220928
6704384,233444220928
6710117,233444220928
6715836,233444220928
6721573,234469023744
6727284,234010091520
6733025,233759309824
6738770,233759309824
6744431,233759309824
6750161,233759309824
6755862,234128478208
6761697,234450952192
6767472,234184966144
6773256,234184966144
6779019,234184966144
6784777,234184966144
6790511,234184966144
6796252,234931544064
6801975,234692788224
6807785,234692788224
6813554,234692788224
6819338,234692788224
6825004,234692788224
6830764,234692788224
6836544,234692788224
6842328,235728187392
6848125,235741601792
6853854,236134940672
6859583,235851612160
6865263,235851612160
6870938,235851612160
6876621,235851612160
6882222,235851612160
6887987,236441550848
6893747,235790057472
6899501,235714166784
6905241,235714166784
6910991,235714166784
6916731,235714166784
6922426,235714166784
6928104,235764060160
6933949,236012986368
6939651,235589468160
6945441,235589468160
6951177,235589468160
6956897,235589468160
6962673,235589468160
6968391,236661190656
6974195,237020647424
6979958,237022892032
6985728,237022892032
6991475,237022892032
6997218,237491163136
7002937,237995450368
7008719,238878875648
7014524,238351568896
7020242,238351568896
7025942,238351568896
7031771,238351568896
7037503,239207096320
7043275,237482446848
7048993,237194956800
7054760,237194956800
7060561,237452406784
7066343,238079418368
7072184,237670662144
7077923,237670662144
7083677,237670662144
7089398,238239485952
7095183,238248144896
7100908,238248144896
7106636,239419056128
7112420,238769463296
7118141,238813380608
7123880,238813380608
7129618,239462236160
7135396,239677632512
7141192,239305170944
7147002,239305170944
7152753,239908950016
7158554,239912833024
7164302,240292663296
7170057,240292663296
7175783,241381961728
7181472,241109729280
7187190,241252098048
7192937,242055368704
7198699,242620293120
7204513,242294599680
7210255,242191454208
7215979,242191454208
7221674,242191454208
7227363,242191454208
7233068,243218767872
7238751,242544193536
7244472,241927475200
7250218,241927475200
7255910,241927475200
7261576,241927475200
7267258,242460749824
7272964,242582016000
7278631,242217107456
7284362,242217107456
7290065,242217107456
7295761,242217107456
7301500,243018178560
7307303,242628018176
7313063,242628018176
7318739,242628018176
7324473,243463450624
7330265,243470483456
7335994,243131678720
7341690,243131678720
7347453,243131703296
7353215,243697655808
7358986,243417141248
7364732,243417141248
7370512,243417141248
7376226,244197748736
7381958,243283898368
7387661,243283898368
7393416,243283898368
7399167,243858661376
7404980,244110770176
7410781,244531605504
7416522,244549812224
7422293,244549812224
7428044,245243285504
7433871,245466083328
7439642,246157930496
7445358,246137004032
7451037,246137004032
7456761,246020714496
7462484,245078142976
7468209,244655005696
7473892,244655005696
7479578,244964978688
7485418,245441904640
7491164,245454454784
7496894,245454454784
7502614,245632987136
7508401,246682406912
7514192,246499127296
7519902,246499127296
7525615,246499127296
7531304,247453499392
7536962,247578595328
7542756,246976462848
7548524,246976462848
7554283,246976462848
7560001,247985221632
7565745,247958695936
7571460,247519940608
7577172,247519940608
7582916,248069668864
7588709,247087288320
7594436,247087288320
7600117,247087288320
7605812,248091594752
7611561,248023588864
7617276,248023588864
7623022,248023588864
7628755,248945061888
7634499,249219039232
7640326,249277399040
7646109,249173553152
7651874,249395638272
7657681,250226110464
7663400,249130504192
7669134,249130504192
7674859,249440595968
7680746,249956335616
7686488,250624233472
7692195,250237444096
7697946,251358593024
7703697,250370019328
7709408,250370019328
7715118,250370019328
7720863,251061075968
7726573,251276910592
7732280,250969165824
7738034,250728816640
7743795,251591471104
7749574,250883280896
7755353,250883280896
7761084,250883280896
7766712,251497549824
7772590,252345487360
7778308,252146483200
7783960,252487798784
7789649,252487798784
7795350,253025337344
7801053,252430143488
7806761,252430143488
7812425,252430143488
7818149,253276774400
7823892,252333535232
7829552,252198998016
7835255,252198998016
7840994,252198998016
7846699,251881852928
7852549,253006729216
7858300,253006729216
7864057,253006729216
7869773,253808459776
7875528,253835493376
7881265,254039080960
7887035,254039080960
7892786,254126477312
7898510,254126477312
7904218,254126477312
7909957,255221800960
7915679,255011667968
7921473,254745227264
7927241,254745227264
7933011,254857527296
7938848,255745261568
7944626,256116142080
7950338,256420040704
7955999,256690683904
7961758,257705885696
7967481,256451063808
7973153,256451063808
7978833,256451063808
7984581,257195765760
7990336,256763277312
7996054,256763277312
8001787,256763277312
8007431,257796788224
8013139,257728573440
8018837,257360773120
8024561,257360773120
8030256,257360773120
8035986,258212691968
8041716,258289676288
8047472,257751220224
8053251,257751220224
8058970,257912020992
8064756,258249580544
8070508,258369036288
8076190,258369036288
8081852,258856718336
8087555,258540638208
8093306,258540638208
8099002,259605475328
8104758,259757211648
8110507,259171860480
8116284,259171860480
8127784,259086102528
8133615,258946539520
8139342,258946539520
8145039,258946539520
8150737,258975981568
8156538,260257849344
8162317,260142313472
8168032,260142313472
8173780,260142313472
8179542,261108695040
8185323,260050513920
8191091,260050513920
8196862,260050513920
8202587,260933148672
8208347,261255004160
8214063,261807022080
8219800,262160486400
8225445,262160486400
8231136,263122001920
8236865,262399582208
8242555,262008295424
8248272,262008295424
8253993,262702080000
8259721,262766821376
8265455,262766821376
8271227,263221993472
8276976,262848204800
8282748,262848204800
8288496,263415517184
8294244,262977462272
8299989,263192526848
8305761,263433048064
8311575,264201134080
8317351,263672598528
8323111,263672598528
8328862,264780128256
8334627,263865098240
8340378,263865098240
8346066,265003266048
8351849,264559165440
8357553,264833613824
8363292,265989214208
8368972,265220177920
8374743,264832307200
8380486,265371217920
8386240,265654697984
8391984,265722486784
8397739,265507983360
8403444,266592382976
8409138,267918254080
8414973,266762158080
8420704,267332923392
8426558,267733274624
8432312,267722543104
8438052,267722543104
8443759,268726755328
8449515,267789365248
8455347,267354439680
8461080,267354439680
8466811,267606196224
8472575,268705185792
8478276,268827705344
8483976,268508008448
8489675,268508008448
8495400,269059837952
8501072,268074221568
8506846,268074221568
8512608,268074221568
8518345,268722049024
8524049,269052358656
8529806,269052358656
8535573,269971619840
8541291,269758545920
8547068,269251457024
8552814,269251457024
8558559,270095937536
8564291,270475083776
8570020,270475231232
8575762,271541346304
8581451,271172222976
8587197,270795403264
8592942,270795403264
8598673,271504515072
8604537,270973603840
8610295,271403118592
8616070,271403249664
8621778,271809495040
8627548,271455014912
8633317,271455014912
8639052,272076587008
8644845,271902965760
8650612,271902965760
8656354,272848064512
8662056,272836558848
8667842,272836558848
8673603,272836558848
8679307,273189371904
8685032,274036674560
8690742,274607063040
8696441,275983294464
8702197,276030504960
8708034,275705720832
8713776,275705720832
8719551,275705720832
8725328,275705720832
8731090,276974190592
8736807,275200847872
8742549,275200847872
8748291,275200847872
8753981,275651538944
8759721,275703529472
8765494,275703529472
8771278,275703529472
8777030,275703529472
8782703,275703529472
8788381,275703529472
8794079,276802928640
8799872,276925964288
8805623,276631379968
8811317,276631379968
8817018,276806586368
8822792,277988212736
8828476,277088841728
8834239,276670337024
8840152,277041496064
8845661,274042646528
8851626,275447410688
8857554,276310818816
8863511,276310818816
8869460,276310818816
8875425,276310818816
8881439,276310818816
8887389,276310818816
8893340,276310818816
8899289,276310818816
8905231,276310818816
8911318,276310818816
8917282,277926031360
8923239,277926031360
8929172,278853300224
8935091,278853300224
8941051,278853300224
8947078,278975623168
8953001,278975623168
8959010,279593201664
8964944,279593201664
8970944,279749701632
8976890,279757926400
8982818,279757926400
8988826,280337625088
8994751,280337625088
9000620,280539623424
9006579,280539623424
9012579,280540717056
9018541,280540717056
9024516,281036152832
9030546,281036152832
9036607,281036152832
9042607,281036152832
9048649,281036152832
9054641,281755525120
9060624,281755525120
9066646,281755525120
9072626,281755525120
9078639,281949511680
9084741,281949511680
9090718,281949511680
9096727,281949511680
9102757,281949511680
9108781,281949511680
9114797,283300454400
9120815,283300454400
9126808,283300454400
9132788,283307253760
9138768,283822645248
9144796,283822645248
9150808,283827855360
9156776,283835490304
9162782,283843698688
9168748,284212125696
9174762,284212125696
9180731,284212125696
9186746,284212125696
9192747,284358352896
9198739,284715180032
9204713,284715180032
9210719,284715950080
9216744,284715950080
9222761,284715950080
9228784,285208743936
9234985,285208743936
9241009,285208743936
9247026,285208743936
9253035,285208743936
9259024,285208743936
9264985,285207834624
9270896,285250383872
9276851,285250383872
9282823,285250383872
9288812,285266083840
9294810,285273534464
9300779,285273534464
9306785,285273534464
9312709,285273534464
9318606,285273534464
9324576,285273534464
9330471,285273534464
9336523,285273534464
9342495,285273534464
9348543,285273534464
9354570,285767528448
9360573,285767528448
9366564,285767528448
9372583,285767528448
9378627,285767528448
9384677,285767528448
9390724,285767528448
9396761,285767528448
9402832,285767528448
9408858,285767528448
9414900,285767528448
9420946,295422291968
9426974,296555606016
9432995,297435295744
9439000,297435295744
9444972,301424259072
9450943,301909323776
9456929,302425092096
9462921,302427967488
9468932,302975012864
9474965,303952900096
9480972,303970004992
9487003,304458248192
9492969,304458248192
9498964,304848973824
9504893,304848973824
9510886,305295421440
9516829,305295421440
9522787,305756172288
9528805,306220068864
9534817,306220068864
9540736,306220068864
9546765,308235595776
9552679,308703686656
9558673,309171777536
9564677,309346676736
9570722,309613572096
9576767,309613572096
9582750,310090821632
9588786,311590735872
9594840,311590735872
9600859,312181477376
9606909,312181477376
9612945,312834215936
9618965,313626152960
9625010,313626152960
9631064,314287312896
9637118,315004555264
9643155,315004555264
9649185,315735429120
9655282,315735429120
9661308,315735429120
9667342,316607008768
9673405,317023178752
9679441,317023178752
9685453,317023178752
9691524,317834334208
9697542,317834334208
9703606,318252634112
9709656,318252634112
9715670,319084171264
9721776,319085809664
9727786,319085809664
9733844,319676747776
9739877,319844929536
9745878,319844929536
9751895,319844929536
9757900,320433557504
9763916,320433557504
9769912,320433557504
9775961,320433557504
9781932,320433557504
9787955,321033572352
9793970,321033572352
9800050,321502679040
9806038,321502679040
9812080,321925468160
9818078,321925468160
9824084,322167230464
9830104,322167230464
9836122,322167230464
9842189,322167230464
9848209,322831470592
9854264,322831470592
9860291,323235418112
9866298,323235418112
9872369,323463188480
9878424,323463188480
9884455,323463188480
9890462,324120956928
9896509,324866281472
9902540,324866281472
9908557,324866281472
9914580,325723885568
9920600,325723885568
9926610,325723885568
9932666,325723885568
9938667,325938319360
9944711,325938319360
9950728,325944135680
9956758,325944135680
9962812,325944135680
9968818,325944135680
9974882,325944135680
9980917,325944135680
9986969,325944135680
9992993,325944135680
9999048,325944135680
10005086,325944135680
10011128,325944135680
10017160,325944135680
10023179,325944135680
10029195,325944135680
10035209,325944135680
10041237,325944135680
10047309,325944135680
10053353,325944135680
10059364,325944135680
10065409,327323389952
10071448,327620988928
10077479,327620988928
10083483,327620988928
10089516,327620988928
10095564,327620988928
10101605,327620988928
10107639,327620988928
10113708,327620988928
10119770,327620988928
10125766,327620988928
10131803,328082657280
10137858,328082657280
10143927,328082657280
10149983,328082657280
10156021,328082657280
10162050,328259964928
10168074,328259964928
10174122,328259964928
10180170,328259964928
10186217,328259964928
10192266,328304992256
10198302,328304992256
10204343,328304992256
10210380,328304992256
10216446,328304992256
10222527,328316567552
10228576,328316567552
10234630,328316567552
10240671,328316567552
10246719,328316567552
10252765,328316567552
10258815,328316567552
10264866,328316567552
10270919,328316567552
10276962,328316567552
10283016,328328847360
10289060,328328847360
10295080,328328847360
10301106,328328847360
10307108,328328847360
10313129,328336678912
10319177,328336678912
10325232,328336678912
10331202,328336678912
10337209,328336678912
10343227,328345083904
10349233,328345083904
10355221,328345083904
10361196,328345083904
10367205,328345083904
10373200,328352522240
10379204,328352522240
10385219,328352522240
10391175,328352522240
10397149,328352522240
10403125,328361713664
10409128,328361713664
10415106,328361713664
10421150,328361713664
10427148,328361713664
10433127,328373723136
10439107,328373723136
10445109,328373723136
10451070,328373723136
10457082,328373723136
10463100,328382799872
10469076,328382799872
10475079,328382799872
10481104,328382799872
10487083,328382799872
10493096,328391122944
10499112,328391122944
10505134,328391122944
10511110,328391122944
10517139,328391122944
10523177,328400297984
10529172,328400297984
10535184,328400297984
10541191,328400297984
10547197,328400297984
10553200,328410628096
10559170,328336490496
10565115,328336490496
10571108,328336490496
10577111,328368484352
10583168,328409841664
10589223,328409841664
10595210,328409841664
10601225,328409841664
10607239,328409841664
10613240,328418992128
10619186,328529735680
10625149,328572547072
10631159,328626966528
10637145,328711151616
10643178,328770363392
10649322,328852389888
10655370,328912207872
10661423,328974778368
10667573,329097011200
10673676,329110564864
10679895,329264369664
10686009,329338126336
10692146,329420922880
10698272,329425793024
10704429,329558765568
10710593,329690558464
10716759,329695514624
10722921,329832255488
10729075,329837244416
10735230,329975758848
10741377,330128359424
10747536,330132987904
10753731,330308632576
10759869,330312912896
10766028,330513371136
10772166,330517291008
10778333,330543579136
10784574,330729365504
10790739,330733133824
10796912,330958143488
10803114,330961354752
10809307,330964320256
10815463,331218808832
10821654,331222155264
10827843,331225251840
10834056,331483254784
10840246,331485982720
10846408,331488382976
10852594,331806380032
10858800,331809042432
10865004,331811250176
10871193,331813507072
10877392,332164964352
10883564,332167458816
10889797,332169715712
10896020,332171972608
10902250,332526845952
10908456,332529139712
10914665,332531249152
10920873,332533051392
10927094,332904263680
10933312,332906639360
10939530,332909019136
10945742,332910678016
10952030,333304995840
10958258,333307297792
10964492,333309353984
10970719,333310935040
10977009,333789581312
10983246,333791608832
10989480,333793501184
10995696,333795368960
11001938,333795758080
11008175,334319464448
11014391,334321336320
11020619,334323134464
11026861,334324813824
11033108,334326206464
11039307,334872408064
11045557,334874308608
11051788,334876340224
11058035,334878081024
11064267,334879731712
11070501,334880493568
11076742,335512391680
11083015,335514337280
11089230,335516291072
11095468,335518203904
11101718,335520120832
11107961,335521226752
11114206,336028114944
11120441,336030351360
11126676,336032403456
11132942,336034738176
11139180,336037093376
11145409,336038264832
11151651,336623452160
11157904,336625664000
11164129,336628088832
11170381,336630554624
11176598,336632549376
11182822,336634662912
11189069,336635547648
11195354,337482248192
11201592,337484861440
11207854,337487294464
11214103,337489858560
11220354,337492353024
11226603,337495056384
11232858,337497313280
11239125,337497853952
11245370,338086760448
11251626,338089594880
11257886,338092138496
11264149,338096558080
11270399,338101579776
11276662,338105647104
11282925,338563543040
11289169,338568519680
11295451,338573856768
11301709,338578305024
11307954,338583072768
11314216,338972360704
11320483,338976976896
11326755,338981797888
11333023,338986655744
11339301,338991837184
11345587,339362856960
11351881,339426975744
11358159,339432120320
11364429,339436871680
11370684,339441311744
11376955,339445194752
11383222,339919519744
11389479,339924652032
11395766,339929600000
11402063,339934601216
11408348,339939643392
11414626,339942559744
11420931,340412669952
11427202,340417593344
11433478,340422307840
11439743,340426940416
11446026,340431646720
11452309,340445523968
11458598,340920360960
11464860,340924780544
11471129,340928950272
11477396,340932440064
11483681,340936122368
11489975,340939022336
11496291,341472849920
11502549,341476757504
11508813,341480476672
11515083,341484630016
11521337,341489061888
11527625,341493379072
11533887,341495545856
11540173,342051680256
11546455,342056374272
11552711,342060883968
11558999,342065336320
11565279,342070202368
11571554,342074290176
11577832,342606987264
11584134,342611734528
11590411,342616424448
11596674,342620860416
11602953,342625759232
11609236,342630371328
11615550,342632636416
11621856,343198146560
11628155,343203106816
11634424,343208026112
11640705,343212322816
11646993,343216779264
11653288,343220932608
11659585,343810523136
11665835,343812767744
11672107,343817687040
11678401,343822577664
11684673,343827021824
11690987,343831494656
11697260,343835336704
11703532,343836856320
11709837,344458919936
11716114,344463527936
11722418,344468025344
11728716,344471912448
11735012,344476565504
11741303,344480522240
11747583,344484438016
11753877,345158496256
11760179,345162440704
11766460,345166270464
11772753,345170153472
11779060,345174102016
11785350,345177817088
11791658,345181540352
11797950,345184231424
11804319,345924763648
11810613,345929064448
11816921,345933291520
11823226,345937604608
11829547,345941393408
11835851,345944952832
11842162,345948643328
11848503,345951186944
11854863,346720591872
11861181,346724888576
11867491,346728824832
11873814,346732429312
11880141,346736107520
11886462,346740076544
11892773,346744930304
11899077,346748952576
11905400,346750980096
11911829,347576672256
11918133,347581370368
11924437,347585736704
11930745,347590426624
11937066,347595337728
11943382,347599843328
11949709,347604963328
11956008,347609985024
11962321,347614597120
11968638,348520566784
11974950,348526215168
11981273,348532629504
11987601,348537466880
11993932,348544049152
12000251,348550090752
12006564,348556840960
12012873,348565233664
12019189,348569755648
12025542,349248622592
12031856,349256990720
12038207,349264437248
12044530,349271781376
12050850,349278351360
12057191,349285752832
12063508,349292789760
12069825,349821558784
12076166,349827215360
12082472,349835079680
12088804,349842276352
12095113,349849419776
12101421,349856178176
12107753,349863616512
12114092,349869588480
12120412,350476640256
12126767,350482685952
12133090,350490488832
12139402,350498439168
12145734,350506512384
12152094,350515023872
12158448,350523125760
12164786,350530379776
12171068,351184134144
12177473,351199686656
12183818,351207735296
12190144,351214927872
12196465,351224057856
12202779,351232462848
12209113,351241355264
12215423,351249838080
12221762,351296225280
12228141,351895552000
12234502,351904030720
12240813,351913353216
12247136,351921725440
12253427,351928639488
12259763,351936573440
12266107,351945760768
12272448,351951892480
12278770,352565473280
12285124,352582295552
12291477,352592150528
12297827,352601546752
12304155,352612048896
12310510,352621346816
12316866,352631001088
12323205,352638210048
12329558,353245171712
12335968,353263353856
12342298,353272553472
12348647,353281511424
12354973,353291497472
12361331,353300553728
12367677,353309396992
12374041,353315782656
12380366,353888845824
12386693,353908170752
12393046,353917186048
12399389,353924423680
12405723,353932652544
12412064,353941839872
12418409,353950408704
12424776,353960321024
12431066,353989410816
12437497,354625384448
12443855,354633605120
12450250,354642804736
12456619,354651967488
12463001,354662092800
12469359,354670456832
12475717,354679816192
12482057,354714755072
12488471,355367854080
12494822,355377111040
12501189,355386589184
12507529,355396096000
12513887,355404664832
12520252,355413884928
12526601,355423948800
12532975,355431272448
12539348,356139376640
12545758,356158115840
12552099,356167507968
12558452,356175454208
12564807,356184862720
12571164,356193435648
12577523,356202078208
12583885,356211646464
12590261,356888989696
12596653,356904460288
12603035,356913078272
12609396,356922621952
12615766,356930650112
12622128,356940013568
12628484,356949680128
12634837,356957556736
12641206,356965011456
12647499,357723086848
12653919,357737930752
12660287,357745885184
12666636,357753511936
12672983,357760901120
12679343,357768839168
12685722,357777195008
12692106,357785907200
12698476,357794783232
12704849,357800673280
12711207,358563872768
12717611,358584885248
12723991,358593904640
12730378,358603894784
12736736,358611877888
12743116,358620979200
12749510,358629117952
12755885,358637244416
12762277,358644379648
12768625,358678835200
12775020,359272681472
12781313,359275757568
12787689,359284031488
12794067,359292350464
12800437,359299649536
12806794,359306907648
12813184,359315333120
12819546,359322898432
12825946,359331442688
12832339,359341006848
12838687,359399084032
12845077,359962701824
12851454,359973330944
12857815,359983779840
12864214,359993851904
12870597,360003764224
12877014,360015638528
12883408,360026587136
12889801,360036556800
12896142,360038748160
12902540,360496975872
12908915,360505823232
12915281,360514535424
12921672,360522334208
12928042,360531193856
12934428,360540131328
12940782,360549146624
12947159,360560480256
12953518,360570703872
12959886,360656003072
12966368,361024679936
12972750,361035943936
12979133,361046011904
12985514,361055801344
12991913,361067192320
12998303,361076805632
13004703,361086054400
13011101,361095372800
13017469,361099718656
13023918,361099718656
13030314,361099718656
13036699,361099718656
13043049,361562169344
13049494,361566887936
13055911,361575182336
13062318,361584807936
13068686,361593298944
13075079,361601822720
13081461,361610772480
13087839,361620279296
13094232,361630519296
13100611,361640886272
13106987,361646313472
13113475,362155544576
13119902,362165497856
13126277,362175426560
13132700,362186563584
13139119,362198847488
13145551,362207924224
13151959,362216906752
13158356,362227961856
13164765,362239238144
13171093,362701139968
13177554,362722607104
13183955,362734063616
13190373,362746699776
13196780,362758356992
13203184,362768625664
13209564,362778910720
13215952,362790301696
13222354,362800840704
13228754,363259052032
13235191,363293855744
13241587,363305955328
13247997,363317858304
13254402,363330015232
13260799,363341430784
13267220,363354451968
13273599,363367297024
13280007,363379216384
13286432,363379216384
13292831,363875651584
13299275,363901423616
13305674,363914551296
13312086,363927695360
13318472,363940626432
13324889,363953737728
13331264,363964641280
13337690,363977306112
13344083,364395122688
13350538,364473454592
13356941,364485840896
13363357,364497989632
13369784,364509650944
13376198,364522610688
13382603,364535410688
13389030,364548050944
13395434,364561563648
13401834,365057273856
13408145,365057273856
13414532,365066608640
13420956,365080645632
13427383,365096521728
13433819,365110235136
13440229,365124288512
13446625,365139402752
13453059,365153382400
13459463,365641682944
13465850,365648777216
13472272,365665525760
13478673,365681041408
13485103,365696479232
13491508,365712347136
13497930,365725958144
13504378,365740228608
13510791,366195224576
13517251,366220341248
13523667,366235090944
13530107,366250700800
13536585,366264684544
13543039,366279991296
13549489,366294724608
13555929,366309470208
13562362,366766493696
13568872,366791671808
13575303,366806818816
13581674,366832599040
13588119,366832599040
13594558,366832599040
13600976,366832599040
13607406,367053201408
13613866,367408844800
13620294,367408844800
13626733,367451783168
13633307,368087519232
13640273,368211402752
13647174,368345870336
13654667,368470286336
13661372,368599298048
13667914,368733282304
13674822,368876716032
13682259,369014673408
13689376,369144745984
13696031,369272737792
13702484,369398521856
13708992,369521631232
13715449,369646702592
13721890,369770979328
13728356,369903439872
13735407,370029817856
13742047,370155634688
13748577,370278825984
13755076,370404532224
13761628,370501832704
13768098,370501832704
13774549,370501832704
13780944,370544816128
13787370,370544816128
13793719,370544816128
13800055,370544816128
13806400,370544816128
13812734,370544816128
13819117,370544816128
13825493,370544816128
13831836,370544816128
13838242,371060506624
13844739,371539402752
13851086,370808897536
13857434,370808897536
13863846,370808897536
13870175,370808897536
13876534,370808897536
13882886,370808897536
13889227,370808897536
13895544,370808897536
13901894,370808897536
13908226,370808930304
13914565,370808930304
13920912,370808930304
13927255,370808930304
13933613,370808930304
13940035,370808930304
13946492,370808930304
13952780,370808930304
13959093,370808930304
13965544,370808930304
13971879,370808930304
13978216,370808930304
13984527,370808930304
13990831,370808930304
13997169,370808930304
14003530,370808930304
14009838,370808930304
14016154,370808930304
14022487,370808930304
14028795,370808930304
14035101,370808930304
14041412,370808930304
14047676,370808930304
14054019,370808930304
14060317,370808930304
14066656,370808930304
14072995,370808930304
14079376,370808930304
14085721,370808930304
14092061,370808930304
14098396,370808930304
14104763,370808930304
14111061,370808930304
14117421,370808930304
14123816,370808930304
14130178,370808930304
14136513,370808930304
14142869,370808930304
14149208,370808930304
14155550,370808930304
14161917,370808930304
14168271,370808930304
14174597,370808930304
14180941,370808930304
14187271,370808930304
14193615,370808930304
14199977,370808930304
14206273,370808930304
14212661,370808930304
14218965,370808930304
14225301,370808930304
14231603,370808930304
14237927,370808930304
14244292,370808930304
14250593,370808930304
14256918,370808930304
14263281,370808930304
14269622,370808930304
14275958,370808930304
14282268,370808930304
14288561,370808930304
14294911,370808930304
14301255,370808930304
14307528,370808930304
14313870,370808930304
14320219,370808930304
14326501,370808930304
14332853,370808930304
14339135,370808930304
14345455,370808930304
14351743,370808930304
14358047,370808930304
14364357,370808930304
14370661,370808930304
14376986,370808930304
14383283,370808930304
14389596,370808930304
14395928,370808930304
14402303,370808930304
14408605,370808930304
14414938,370808930304
14421226,370808930304
14427562,370808930304
14433937,370808930304
14440289,370831200256
14446811,371769712640
14453291,371850952704
14459615,371850952704
14465940,371850952704
14472273,371850952704
14478596,371850952704
14484952,371850952704
14491289,371850952704
14497636,371850952704
14503970,371850952704
14510326,371850952704
14516656,371850952704
14523001,371850952704
14529339,371850952704
14535741,371850952704
14542066,371850952704
14548481,371850952704
14554793,371850952704
14561179,371850952704
14567544,371850952704
14573843,371850952704
14580154,371850952704
14586480,371850952704
14592826,371850952704
14599193,371850952704
14605554,371850952704
14611904,371850952704
14618255,371850952704
14624594,371850952704
14630915,371850952704
14637356,371850952704
14643739,371850952704
14650038,371850952704
14656375,371850952704
14662700,371850952704
14669055,371850952704
14675386,371850952704
14681757,371850952704
14688105,371850952704
14694480,371850952704
14700796,371850952704
14707131,371850952704
14713529,371850952704
14719865,371850952704
14726213,371850952704
14732551,371850952704
14738878,371850952704
14745226,371850952704
14751554,371850952704
14757892,371850952704
14764237,371850952704
14770567,371850952704
14776910,371850952704
14783264,371850952704
14789579,371850952704
14795921,371850952704
14802262,371850952704
14808587,371850952704
14814941,371850952704
14821295,371850952704
14827614,371850952704
14833940,371850952704
14840264,371850952704
14846678,371850952704
14853003,371850952704
14859308,371850952704
14865672,371850952704
14871957,371850952704
14878299,371850952704
14884669,371850952704
14890949,371850952704
14897293,371850952704
14903627,371850952704
14909969,371850952704
14916324,371850952704
14922651,371850952704
14928951,371850952704
14935264,371850952704
14941574,371850952704
14947874,371850952704
14954174,371850952704
14960499,371850952704
14966808,371850952704
14973176,371850952704
14979515,371850952704
14985872,371850952704
14992168,371850952704
14998505,371850952704
15004785,371850952704
15011123,371850952704
15017465,371850952704
15023794,371850952704
15030131,371850952704
15036456,371850952704
15042783,371850952704
15049123,371850952704
15055457,371850952704
15061775,371850952704
15068136,371850952704
15074474,371850952704
15080801,371850952704
15087114,371850952704
15093448,371850952704
15099775,371850952704
15106114,371850952704
15112431,371850952704
15118721,371850952704
15125069,371850952704
15131406,371850952704
15137759,371850952704
15144099,371850952704
15150556,371850952704
15156927,371850952704
15163232,371850952704
15169649,371169185792
15175939,371169185792
15182300,371169185792
15188615,371169185792
15194932,371169185792
15201272,371169185792
15207630,371169185792
15213968,371169185792
15220309,371169185792
15226682,371169185792
15233028,371169185792
15239333,371169185792
15245713,371169185792
15252034,371169185792
15258401,371169185792
15264766,371169185792
15271109,371169185792
15277475,371169185792
15283792,371169185792
15290159,371169185792
15296501,371169185792
15302859,371169185792
15309206,371169185792
15315550,371169185792
15321865,371169185792
15328207,371169185792
15334509,371169185792
15340825,371169185792
15347169,371169185792
15353496,371169185792
15359817,371169185792
15366169,371169185792
15372504,371169185792
15378836,371169185792
15385191,371169185792
15391554,371169185792
15397893,371169185792
15404241,371169185792
15410551,371169185792
15416866,371169185792
15423216,371169185792
15429533,371169185792
15435894,371169185792
15442233,371169185792
15448641,371169185792
15455014,371169185792
15461327,371169185792
15467638,371169185792
15473993,371169185792
15480323,371169185792
15486694,371169185792
15493033,371169185792
15499382,371169185792
15505736,371169185792
15512070,371169185792
15518413,371169185792
15524759,371169185792
15531072,371169185792
15537405,371169185792
15543723,371169185792
15550044,371169185792
15556409,371169185792
15562823,371169185792
15569150,371169185792
15575482,371169185792
15581797,371169185792
15588181,371272949760
15594739,370982019072
15601099,370982019072
15607423,370982019072
15613737,370982019072
15620063,370982019072
15626391,370982019072
15632750,370982019072
15639068,370982019072
15645424,370982019072
15651785,371595808768
15658189,371274502144
15664555,371274502144
15670857,371274502144
15677171,371274502144
15683531,371274502144
15689863,371274502144
15696208,371274502144
15702511,371274502144
15708835,371274502144
15715148,371274502144
15721477,371274502144
15727788,371274502144
15734115,371274502144
15740445,371274502144
15746904,371274502144
15753215,371274502144
15759526,371274502144
15765854,371274502144
15772158,371274502144
15778496,371274502144
15784806,371274502144
15791092,371274502144
15797434,371274502144
15803750,371274502144
15810079,371274502144
15816385,371274502144
15822696,371274502144
15829040,371274502144
15835347,371274502144
15841670,371274502144
15847977,371274502144
15854324,371274502144
15860628,371274502144
15866938,371274502144
15873280,371274502144
15879580,371274502144
15885904,371274502144
15892246,371274502144
15898569,371274502144
15904874,371274502144
15911171,371274502144
15917488,371274502144
15923838,371274502144
15930137,371274502144
15936454,371274502144
15942748,371274502144
15949065,371274502144
15955403,371274502144
15961795,371274502144
15968165,371274502144
15974504,371274502144
15980862,371274502144
15987225,371274502144
15993544,371274502144
15999865,371274502144
16006208,371274502144
16012574,371274502144
16018920,371274502144
16025291,371274502144
16031602,371274502144
16037933,371274502144
16044279,371274502144
16050738,371274502144
16057103,371274502144
16063415,371274502144
16069744,371274502144
16076116,371274502144
16082458,371274502144
16088785,371274502144
16095171,371274502144
16101516,371274502144
16107855,371274502144
16114236,371274502144
16120630,371274502144
16126997,371274502144
16133327,371274502144
16139671,371274502144
16146014,371274502144
16152380,371274502144
16158709,371274502144
16165025,371274502144
16171332,371274502144
16177674,371274502144
16183971,371274502144
16190294,371274502144
16196627,371274502144
16202936,371274502144
16209297,371274502144
16215614,371274502144
16221970,371274502144
16228294,371274502144
16234661,371274502144
16240963,371274502144
16247296,371274502144
16253627,371274502144
16259972,371274502144
16266291,371274502144
16272618,371274502144
16278952,371274502144
16285252,371274502144
16291595,371274502144
16297929,371274502144
16304290,371274502144
16310593,371274502144
16316955,371274502144
16323289,371274502144
16329635,371274502144
16335914,371274502144
16342263,371274502144
16348698,371274502144
16355043,371274502144
16361355,371274502144
16367701,371274502144
16374042,371296382976
16380604,371557670912
16387071,372196614144
16393434,372088946688
16399776,372088946688
16406118,372088946688
16412489,372088946688
16418826,372088946688
16425195,372088946688
16431549,372088946688
16437895,372088946688
16444251,372088950784
16450578,372088950784
16456895,372088950784
16463225,372088950784
16469500,372088950784
16475811,372088950784
16482135,372088950784
16488398,372088950784
16494699,372088950784
16501003,372088950784
16507345,372088950784
16513666,372088950784
16520019,372088950784
16526357,372088950784
16532655,372088950784
16538949,372088950784
16545262,372088950784
16551596,372088950784
16557927,372088950784
16564250,372088950784
16570575,372088950784
16576893,372088950784
16583195,372088950784
16589535,372088950784
16595877,372088950784
16602210,372088950784
16608542,372088950784
16614869,372088950784
16621237,372088950784
16627553,372088950784
16633870,372088950784
16640206,372088950784
16646637,372088950784
16652955,372088950784
16659244,372088950784
16665585,372088950784
16671940,372088950784
16678270,372088950784
16684598,372088950784
16691005,372088950784
16697361,372088950784
16703707,372088950784
16710039,372088950784
16716389,372088950784
16722699,372088950784
16729076,372088950784
16735420,372088950784
16741847,371340226560
16748276,371340296192
16754557,371340296192
16760905,371340296192
16767227,371340296192
16773551,371340296192
16779902,371340296192
16786223,371340296192
16792554,371340296192
16798886,371340296192
16805270,371340300288
16811579,371340300288
16817871,371340300288
16824225,371340300288
16830536,371340300288
16836814,371340300288
16843170,371340300288
16849538,371340300288
16855868,371340300288
16862185,371340300288
16868483,371340300288
16874821,371340300288
16881121,371340300288
16887432,371340300288
16893758,371340300288
16900109,371340300288
16906385,371340300288
16912697,371340300288
16919052,371340300288
16925350,371340300288
16931661,371340300288
16938034,371340300288
16944383,371340300288
16950846,371340300288
16957193,371340300288
16963528,371340300288
16969871,371340300288
16976222,371340300288
16982540,371340300288
16988859,371340300288
16995174,371340300288
17001476,371340300288
17007761,371340300288
17014078,371340300288
17020387,371340300288
17026846,371340300288
17033156,371340300288
17039514,371340689408
17046009,371362738176
17052328,371362738176
17058615,371362738176
17064950,371362738176
17071259,371362738176
17077547,371362738176
17083864,371362738176
17090194,371362738176
17096509,371362738176
17102808,371362738176
17109142,371362738176
17115445,371362738176
17121742,371362738176
17128033,371362738176
17134338,371362738176
17140658,371362738176
17146983,371362738176
17153269,371362738176
17159525,371362738176
17165908,371362738176
17172183,371362738176
17178438,371362738176
17184725,371362738176
17191055,371362738176
17197350,371362738176
17203612,371362738176
17209936,371362738176
17216246,371362738176
17222583,371362738176
17228869,371362738176
17235183,371362738176
17241519,371362738176
17247928,371362738176
17254224,371362738176
17260536,371362738176
17266847,371362738176
17273168,371362738176
17279472,371362738176
17285758,371362738176
17292064,371362738176
17298392,371362738176
17304730,371362738176
17311049,371362738176
17317363,371362738176
17323669,371362738176
17330031,371362738176
17336356,371362738176
17342694,371362738176
17349029,371362738176
17355353,371362738176
17361658,371362738176
17368011,371362738176
17374332,371362738176
17380633,371362738176
17386983,371362738176
17393306,371362738176
17399619,371362738176
17405968,371362738176
17412317,371362738176
17418665,371362738176
17424998,371362738176
17431320,371362738176
17437646,371362738176
17444003,371362738176
17450326,371362738176
17456649,371362738176
17463011,371362738176
17469314,371362738176
17475672,371362738176
17482032,371362738176
17488347,371362738176
17494708,371362738176
17500976,371362738176
17507270,371362738176
17513583,371362738176
17519926,371362738176
17526256,371362738176
17532565,371362738176
17538960,371362738176
17545384,371362738176
17551727,371362738176
17558076,371362738176
17564466,371362738176
17570899,371362738176
17577205,371362738176
17583520,371381268480
17590016,371378253824
17596365,371378253824
17602693,371378253824
17609063,371378253824
17615389,371378253824
17621726,371378253824
17628046,371378253824
17634396,371378253824
17640710,371378253824
17647057,371378253824
17653371,371378253824
17659700,371378253824
17666029,371378253824
17672351,371378253824
17678654,371378253824
17685090,371378253824
17691451,371378253824
17697821,371378253824
17704141,371378253824
17710594,371633217536
17717031,371102490624
17723356,371102490624
17729700,371102490624
17736057,371102490624
17742374,371102490624
17748730,371102490624
17755061,371102490624
17761371,371102490624
17767666,371102490624
17773991,371102490624
17780349,371102490624
17786675,371102490624
17792986,371102490624
17799273,371102490624
17805557,371102490624
17811872,371102490624
17818199,371102490624
17824524,371102490624
17830858,371102490624
17837116,371102490624
17843437,371102490624
17849864,371102490624
17856174,371102490624
17862466,371102490624
17868739,371102490624
17875012,371102490624
17881326,371102490624
17887614,371102490624
17893930,371102490624
17900282,371102490624
17906584,371102490624
17912840,371102490624
17919197,371102490624
17925544,371102490624
17931811,371102490624
17938112,371102490624
17944407,371102490624
17950751,371102490624
17957077,371102490624
17963390,371102490624
17969700,371102490624
17976014,371102490624
17982371,371102490624
17988662,371102490624
17994967,371102490624
18001294,371102490624
18007621,371102490624
18013896,371102490624
18020209,371102490624
18026534,371102490624
18032845,371102490624
18039246,371102490624
18045581,371102490624
18051883,371102490624
18058200,371102490624
18064564,371102490624
18070880,371102490624
18077187,371102490624
18083514,371102490624
18089868,371102490624
18096160,371102490624
18102506,371102490624
18108856,371102490624
18115174,371102490624
18121544,371102490624
18127872,371102490624
18134221,371102490624
18140544,371102490624
18146964,371102490624
18153322,371102490624
18159629,371102490624
18165934,371102490624
18172238,371102490624
18178566,371102490624
18184867,371102490624
18191192,371102490624
18197462,371102490624
18203775,371102490624
18210117,371102490624
18216410,371102490624
18222682,371102490624
18229044,371102490624
18235351,371102490624
18241668,371102490624
18248007,371102490624
18254334,371102490624
18260691,371102490624
18267030,371102490624
18273379,371102490624
18279725,371102490624
18286063,371102490624
18292390,371102490624
18298725,371102490624
18305050,371102490624
18311412,371102490624
18317749,371102490624
18324120,371102490624
18330445,371102490624
18336758,371102490624
18343137,371102490624
18349512,371102490624
18355844,371102490624
18362187,371102490624
18368520,371102490624
18374973,371102490624
18381390,371102490624
18387713,371102490624
18394021,371102490624
18400488,371102490624
18406839,371102490624
18413143,371102490624
18419451,371102490624
18425779,371102490624
18432087,371102490624
18438429,371102490624
18444748,371102490624
18451060,371102490624
18457356,371102490624
18463703,371102490624
18470020,371102490624
18476349,371102490624
18482631,371102490624
18488953,371102490624
18495276,371102490624
18501603,371102490624
18507894,371102490624
18514203,371102490624
18520501,371102490624
18526815,371102490624
18533111,371102490624
18539432,371102490624
18545711,371102490624
18552044,371102490624
18558319,371102490624
18564636,371102490624
18570949,371102490624
18577304,371102490624
18583621,371102490624
18589959,371102490624
18596327,371102490624
18602683,371102490624
18609010,371102490624
18615509,371070283776
18621802,371070283776
18628135,371070283776
18634484,371070283776
18640805,371070283776
18647123,371070283776
18653449,371070283776
18659796,371070283776
18666144,371070283776
18672481,371070283776
18678824,371070300160
18685172,371070300160
18691528,371070300160
18697874,371070300160
18704194,371070300160
18710539,371070300160
18716854,371070300160
18723186,371070300160
18729530,371070300160
18735860,371070300160
18742230,371070300160
18748647,371070300160
18754980,371070300160
18761339,371070300160
18767658,371070300160
18774001,371070300160
18780359,371070300160
18786721,371070300160
18793062,371070300160
18799386,371070300160
18805700,371070300160
18812023,371070300160
18818358,371070300160
18824709,371070300160
18830978,371070300160
18837288,371070300160
18843627,371070300160
18849974,371070300160
18856315,371070300160
18862623,371070300160
18868954,371070300160
18875254,371070300160
18881621,371070300160
18887946,371070300160
18894293,371070300160
18900623,371070300160
18906996,371070300160
18913319,371070300160
18919601,371070300160
18925921,371070300160
18932252,371070300160
18938596,371070300160
18944931,371070300160
18951246,371070300160
18957587,371070300160
18963966,371070300160
18970285,371070300160
18976622,371070300160
18982972,371070300160
18989337,371070300160
18995687,371070300160
19001995,371070300160
19008325,371070300160
19014676,371070300160
19021006,371070300160
19027373,371070300160
19033699,371070300160
19040057,371070300160
19046399,371070300160
19052707,371070300160
19059056,371070300160
19065356,371070300160
19071706,371070300160
19078039,371070300160
19084385,371070300160
19090688,371070300160
19096986,371070300160
19103328,371070300160
19109638,371070300160
19115954,371070300160
19122276,371070300160
19128603,371070300160
19134969,371070300160
19141304,371070300160
19147638,371070300160
19153977,371070300160
19160280,371070300160
19166617,371070300160
19172904,371070300160
19179268,371070300160
19185618,371070300160
19191923,371070300160
19198248,371070300160
19204575,371070300160
19210905,371070300160
19217235,371070300160
19223591,371070300160
19229896,371070300160
19236251,371070300160
19242565,371070300160
19249014,371070300160
19255337,371070300160
19261645,371070300160
19267963,371070300160
19274297,371064147968
19280785,370740957184
19287113,370740957184
19293456,370740957184
19299746,370740957184
19306058,370740957184
19312419,370740957184
19318770,370740957184
19325110,370740957184
19331434,370740957184
19337779,370740957184
19344132,370740957184
19350503,370740957184
19356808,370740957184
19363084,370740957184
19369381,370740957184
19375664,370740957184
19381976,370740957184
19388289,370740957184
19394609,370740957184
19400914,370740957184
19407199,370740957184
19413504,370740957184
19419851,370740957184
19426201,370740957184
19432450,370740957184
19438787,370740957184
19445060,370740957184
19451417,370740957184
19457717,370740957184
19464045,370740957184
19470392,370740957184
19476707,370740957184
19483061,370740957184
19489595,370740957184
19495977,370740957184
19502283,370740957184
19508602,370740957184
19514916,370740957184
19521245,370740957184
19527600,370740957184
19533931,370740957184
19540237,370740957184
19546567,370740957184
19552887,370740957184
19559246,370740957184
19565579,370740957184
19571880,370740957184
19578207,370740957184
19584540,370740957184
19591013,370740957184
19597304,370740957184
19603662,370740957184
19609942,370740957184
19616248,370740957184
19622572,370740957184
19628891,370740957184
19635191,370740957184
19641633,370600767488
19648041,370600849408
19654357,370600849408
19660647,370600849408
19666957,370600849408
19673292,370600849408
19679556,370600849408
19685907,370600849408
19692240,370600849408
19698575,370600849408
19704943,370600849408
19711274,370600849408
19717588,370600849408
19723869,370600849408
19730149,370600849408
19736401,370600849408
19742749,370600849408
19749069,370600849408
19755338,370600849408
19761667,370600849408
19768011,370600849408
19774383,370600849408
19780707,370600849408
19787019,370600849408
19793352,370600849408
19799652,370600849408
19805978,370600849408
19812320,370600849408
19818638,370600849408
19825011,370600849408
19831360,370600849408
19837798,370600849408
19844108,370600849408
19850473,370600849408
19856795,370600849408
19863131,370600849408
19869438,370600849408
19875797,370600849408
19882164,370777079808
19888636,370583281664
19894981,370583281664
19901301,370583281664
19907635,370583281664
19913948,370583281664
19920252,370583281664
19926539,370583281664
19932864,370583281664
19939157,370583281664
19945472,370583281664
19951777,370583285760
19958125,370583285760
19964455,370583285760
19970773,370583285760
19977055,370583285760
19983375,370583285760
19989863,370583285760
19996272,370583285760
20002577,370583285760
20008866,370583285760
20015167,370583285760
20021431,370583285760
20027763,370583285760
20034044,370583285760
20040378,370583285760
20046669,370583285760
20052971,370583285760
20059268,370583285760
20065550,370583285760
20071826,370583285760
20078138,370583285760
20084457,370583285760
20090763,370583285760
20097084,370583285760
20103379,370583285760
20109729,370583285760
20116050,370583285760
20122371,370583285760
20128662,370583285760
20134975,370583285760
20141301,370583285760
20147586,370583285760
20153912,370583285760
20160229,370583285760
20166510,370583285760
20172827,370583285760
20179157,370583285760
20185454,370583285760
20191772,370583285760
20198079,370583285760
20204378,370583285760
20210691,370583285760
20217039,370583285760
20223403,370583285760
20229710,370583285760
20236000,370583285760
20242291,370583285760
20248668,370583285760
20254989,370583285760
20261320,370583285760
20267636,370583285760
20273914,370583285760
20280223,370583285760
20286598,370583285760
20293120,370583285760
20299447,370583285760
20305794,370583285760
20312133,370583285760
20318480,370583285760
20324819,370583285760
20331139,370583285760
20337461,370583285760
20343798,370583285760
20350150,370583285760
20356452,370583285760
20362796,370583285760
20369116,370583285760
20375422,370583285760
20381722,370583285760
20388078,370583285760
20394452,370583285760
20400820,370583285760
20407130,370583285760
20413462,370583285760
20419792,370583285760
20426110,370583285760
20432452,370583285760
20438765,370583285760
20445095,370583285760
20451477,370583285760
20457795,370583285760
20464118,370583285760
20470459,370583285760
20476819,370583285760
20483146,370583285760
20489466,370583285760
20495781,370583285760
20502085,370583285760
20508419,370583285760
20514779,370583285760
20521076,370583285760
20527406,370583285760
20533785,370583285760
20540076,370583285760
20546376,370583285760
20552703,370583285760
20559049,370583285760
20565376,370583285760
20571703,370583285760
20578005,370583285760
20584312,370583285760
20590667,370583285760
20596984,370583285760
20603309,370583285760
20609644,370583285760
20615982,370583285760
20622278,370583285760
20628668,370583285760
20634988,370583285760
20641350,370583285760
20647690,370583285760
20653998,370583285760
20660320,370583285760
20666674,370583285760
20673036,370583285760
20679363,370583285760
20685615,370583285760
20691996,370583285760
20698259,370583285760
20704558,370583285760
20710882,370583285760
20717178,370583285760
20723479,370583285760
20729800,370583285760
20736112,370583285760
20742383,370583285760
20748728,370583285760
20755050,370583285760
20761374,370583285760
20767668,370583285760
20773961,370583285760
20780293,370583285760
20786619,370583285760
20792941,370583285760
20799205,370583285760
20805574,370583285760
20811914,370583285760
20818191,370583285760
20824541,370583285760
20830889,370583285760
20837217,370583285760
20843548,370583285760
20849988,370583285760
20856299,370583285760
20862648,370583285760
20868969,370583285760
20875344,370583285760
20881680,370583285760
20888028,370583285760
20894336,370583285760
20900654,370583285760
20906979,370583285760
20913393,370583285760
20919683,370583285760
20926032,370583285760
20932497,370583285760
20938961,370583285760
20945286,370583285760
20951594,370583285760
20957918,370583285760
20964296,370583285760
20970675,370576789504
20977013,370576789504
20983318,370576789504
20989633,370576789504
20995951,370576789504
21002315,370576789504
21008648,370576789504
21014950,370576789504
21021284,370576789504
21027616,370576789504
21033939,370576797696
21040284,370576797696
21046640,370576797696
21053007,370576797696
21059307,370576797696
21065672,370576797696
21072021,370576797696
21078347,370576797696
21084662,370576797696
21091064,370824028160
21097381,370564784128
21103700,370564784128
21110012,370564784128
21116350,370564784128
21122636,370564784128
21128966,370564784128
21135297,370564784128
21141689,370564784128
21148117,370564784128
21154447,370564788224
21160722,370564788224
21167117,370564788224
21173434,370564788224
21179726,370564788224
21186051,370564788224
21192354,370564788224
21198651,370564788224
21204969,370564788224
21211311,370564788224
21217646,370564788224
21223999,370564788224
21230337,370564788224
21236709,370564788224
21243044,370564788224
21249367,370564788224
21255683,370564788224
21262016,370564788224
21268299,370564788224
21274618,370564788224
21280938,370564788224
21287263,370564788224
21293552,370564788224
21299881,370564788224
21306190,370564788224
21312496,370564788224
21318844,370564788224
21325197,370564788224
21331455,370564788224
21337740,370564788224
21344065,370564788224
21350404,370564788224
21356720,370564788224
21363044,370564788224
21369371,370564788224
21375677,370564788224
21382008,370564788224
21388306,370564788224
21394634,370564788224
21400968,370564788224
21407335,370564788224
21413654,370564788224
21420122,370564788224
21426442,370564788224
21432791,370564788224
21439101,370564788224
21445369,370564788224
21451753,370845495296
21458184,370729738240
21464479,370729738240
21470778,370729738240
21477153,370729738240
21483457,370729738240
21489774,370729738240
21496090,370729738240
21502425,370729738240
21508724,370729738240
21515040,370729738240
21521371,370729738240
21527744,370729738240
21534081,370729738240
21540418,370729738240
21546719,370729738240
21553017,370729738240
21559325,370729738240
21565643,370729738240
21571946,370729738240
21578219,370729738240
21584535,370729738240
21590827,370729738240
21597170,370729738240
21603470,370729738240
21609767,370729738240
21616083,370729738240
21622392,370729738240
21628710,370729738240
21635044,370729738240
21641336,370729738240
21647614,370729738240
21653947,370729738240
21660246,370729738240
21666552,370729738240
21672891,370729738240
21679243,370729738240
21685551,370729738240
21691845,370729738240
21698154,370729738240
21704505,370729738240
21710801,370729738240
21717139,370729738240
21723492,370729738240
21729814,370729738240
21736154,370729738240
21742472,370729738240
21748901,370729738240
21755243,370729738240
21761611,370729738240
21767918,370729738240
21774292,370729738240
21780634,370729738240
21786976,370729738240
21793280,370729738240
21799560,370729738240
21805920,370729738240
21812209,370729738240
21818566,370729738240
21824901,370729738240
21831242,370729738240
21837550,370729738240
21843857,370729738240
21850237,370729738240
21856652,370729738240
21863100,370729738240
21869457,370729738240
21875767,370729738240
21882170,370729738240
21888478,370729738240
21894773,370729738240
21901102,370729738240
21907437,370729738240
21913779,370729738240
21920099,370729738240
21926414,370729738240
21932750,370729738240
21939101,370729738240
21945404,370729738240
21951731,370729738240
21958066,370729738240
21964388,370729738240
21970714,370729738240
21977050,370729738240
21983401,370729738240
21989699,370729738240
21996011,370729738240
22002366,370729738240
22008691,370729738240
22015044,370729738240
22021389,370729738240
22027706,370729738240
22034014,370729738240
22040307,370729738240
22046699,370729738240
22053024,370729738240
22059400,370729738240
22065724,370729738240
22072065,370729738240
22078393,370729738240
22084710,370729738240
22091028,370729738240
22097381,370729738240
22103674,370729738240
22110017,370729738240
22116362,371287588864
22122849,370991460352
22129169,370991460352
22135524,370991460352
22141874,370991460352
22148220,370991460352
22154536,370991460352
22160861,370991460352
22167225,370991460352
22173561,370991460352
22179889,370991460352
22186209,370991468544
22192514,370991468544
22198850,370991468544
22205173,370991468544
22211524,370991468544
22217878,370991468544
22224210,370991468544
22230491,370991468544
22236813,370991468544
22243146,370991468544
22249505,370991468544
22255855,370991468544
22262193,370991468544
22268489,370991468544
22274825,370991468544
22281145,370991468544
22287474,370991468544
22293776,370991468544
22300130,370991468544
22306480,370991468544
22312789,370991468544
22319130,370991468544
22325432,370991468544
22331783,370991468544
22338135,370991468544
22344388,370991468544
22350744,370991468544
22357098,370991468544
22363412,370991468544
22369730,370991468544
22376063,370991468544
22382443,370991468544
22388782,370991468544
22395090,370991468544
22401410,370991468544
22407694,370991468544
22414021,370991468544
22420354,370991468544
22426661,370991468544
22432980,370991468544
22439329,370991468544
22445612,370991468544
22451954,370991468544
22458246,370991468544
22464592,370991468544
22470938,370991468544
22477244,370991468544
22483532,370991468544
22489864,370991468544
22496182,370991468544
22502531,370991468544
22508846,370991468544
22515162,370991468544
22521481,370991468544
22527847,370991468544
22534161,370991468544
22540485,370991468544
22546835,370991468544
22553103,370991468544
22559417,370991468544
22565733,370991468544
22572015,370991468544
22578336,370991468544
22584660,370991468544
22590955,370991468544
22597274,370991468544
22603542,370991468544
22609858,370991468544
22616160,370991468544
22622497,370991468544
22628838,370991468544
22635154,370991468544
22641469,370991468544
22647901,370991468544
22654272,370991468544
22660638,370991468544
22666969,370991468544
22673269,370991468544
22679619,370991468544
22685954,370991468544
22692219,370991468544
22698528,370991468544
22704844,370991468544
22711161,370991468544
22717493,370991468544
22723823,370991468544
22730173,370991468544
22736532,370991468544
22742845,370991468544
22749193,370991468544
22755523,370991468544
22761842,370991468544
22768162,370991468544
22774457,370991468544
22780781,370991468544
22787125,370991468544
22793468,370991468544
22799814,370991468544
22806155,370991468544
22812510,370991468544
22818902,370991468544
22825220,370991468544
22831565,370991468544
22837878,370991468544
22844222,370991468544
22850560,370991468544
22856898,370991468544
22863217,370991468544
22869566,370991468544
22875856,370991468544
22882169,370991468544
22888452,370991468544
22894750,370991468544
22901045,370991468544
22907347,370991468544
22913678,370991468544
22920008,370991468544
22926389,370991468544
22932707,370991468544
22939050,370991468544
22945419,370991468544
22951747,370991468544
22958101,370991468544
22964419,370991468544
22970790,370991468544
22977076,370991468544
22983401,370991468544
22989674,370991468544
22996014,370991468544
23002309,370991468544
23008614,370991468544
23014909,370991468544
23021214,370991468544
23027482,370991468544
23033780,370991468544
23040048,370991468544
23046313,370991468544
23052652,370991468544
23058946,370991468544
23065248,370991468544
23071538,370991468544
23077864,370991468544
23084180,370991468544
23090524,370991468544
23096866,370991468544
23103153,370991468544
23109454,370991468544
23115729,370991468544
23122052,370991468544
23128362,370991468544
23134690,370991468544
23141008,370991468544
23147312,370991468544
23153628,370991468544
23159929,370991468544
23166225,370991468544
23172532,370991468544
23178845,370991468544
23185102,370991468544
23191404,370991468544
23197766,370991468544
23204111,370991468544
23210418,370991468544
23216692,370991468544
23223010,370991468544
23229316,370991468544
23235656,370991468544
23241959,370991468544
23248282,370991468544
23254592,370991468544
23260880,370991468544
23267189,370991468544
23273506,370991468544
23279885,370991468544
23286202,370991468544
23292482,370991468544
23298769,370991468544
23305094,370991468544
23311394,370991468544
23317690,370991468544
23324010,370991468544
23330300,370991468544
23336648,370991468544
23342958,370991468544
23349265,370991468544
23355571,370991468544
23361909,370991468544
23368228,370991468544
23374510,370991468544
23380851,370991468544
23387205,370991468544
23393479,370991468544
23399848,370991468544
23406156,370991468544
23412498,370991468544
23418789,370991468544
23425121,370991468544
23431439,370991468544
23437764,370991468544
23444152,370991468544
23450445,370991468544
23456763,370991468544
23463082,370991468544
23469395,370991468544
23475730,370991468544
23482037,370991468544
23488347,370991468544
23494679,370991468544
23501021,370991468544
23507338,370991468544
23513678,370991468544
23519982,370991468544
23526324,370991468544
23532615,370991468544
23538958,370991468544
23545154,370991468544
23551381,370991468544
23557580,370991468544
23563760,370991468544
23570022,370991468544
23576224,370991468544
23582375,370991468544
23588629,370991468544
23594816,370991468544
23600951,370991468544
23607091,370991468544
23613273,370991468544
23619433,370991468544
23625572,370991468544
23631727,370991468544
23637888,370991468544
23644057,370991468544
23650223,370991468544
23656370,370991468544
23662569,370991468544
23668717,370991468544
23674873,370991468544
23681045,370991468544
23687215,370991468544
23693369,370991468544
23699553,370991468544
23705690,370991468544
23711869,370991468544
23718022,370991468544
23724167,370991468544
23730319,370991468544
23736463,370991468544
23742628,370991468544
23748773,370991468544
23754915,370991468544
23761065,370991468544
23767236,370991468544
23773438,370991468544
23779590,370991468544
23785751,370991468544
23791931,370991468544
23798073,370991468544
23804251,370991468544
23810418,370991468544
23816587,370991468544
23822741,370991468544
23828889,370991468544
23835067,370991468544
23841223,370991468544
23847479,370991468544
23853621,370991468544
23859779,370991468544
23865956,370991468544
23872118,370991468544
23878273,370991468544
23884422,370991468544
23890576,370991468544
23896817,370991468544
23903128,370991468544
23909444,370991468544
23915750,370991468544
23922119,370991468544
23928496,370991468544
23934810,370991468544
23941139,370991468544
23947502,370991468544
23953889,370991468544
23960246,370991468544
23966524,370991468544
23972862,370991468544
23979210,370991468544
23985600,370991468544
23991902,370991468544
23998199,370991468544
24004529,370991468544
24010845,370991468544
24017157,370991468544
24023485,370991468544
24029777,370991468544
24036088,370991468544
24042410,370991468544
24048725,370991468544
24055027,370991468544
24061345,370991468544
24067679,370991468544
24073972,370991468544
24080286,370991468544
24086633,370991468544
24092945,370991468544
24099247,370991468544
24105572,370991468544
24111891,370991468544
24118229,370991468544
24124543,370991468544
24130855,370991468544
24137177,370991468544
24143497,370991468544
24149928,370991468544
24156258,370991468544
24162595,370991468544
24168977,370991468544
24175337,370991468544
24181677,370991468544
24188017,370991468544
24194361,370991468544
24200701,370991468544
24207067,370991468544
24213376,370991468544
24219717,370991468544
24226059,370991468544
24232409,370991468544
24238735,370991468544
24245045,370991468544
24251358,370991468544
24257658,370991468544
24263994,370991468544
24270307,370991468544
24276635,370991468544
24282911,370991468544
24289235,370991468544
24295534,370991468544
24301975,370991468544
24308449,370991468544
24314773,370991468544
24321075,370991468544
24327441,370991468544
24333786,370991468544
24340012,370991468544
24346170,370991468544
24352358,370991468544
24358503,370991468544
24364693,370991468544
24370832,370991468544
24376968,370991468544
24383124,370991468544
24389265,370991468544
24395442,370991468544
24401684,370991468544
24407891,370991468544
24414040,370991468544
24420327,370991468544
24426457,370991468544
24432702,370991468544
24438882,370991468544
24445041,370991468544
24451236,370991468544
24457398,370991468544
24463603,370991468544
24469797,370991468544
24475944,370991468544
24482107,370991468544
24488288,370991468544
24494477,370991468544
24500603,370991468544
24506755,370991468544
24512928,370991468544
24519095,370991468544
24525232,370991468544
24531408,370991468544
24537607,370991468544
24543945,370991468544
24550474,370991468544
24557704,370991468544
24564181,370991468544
24570886,370991468544
24578353,370991468544
24585015,370991468544
24591709,370991468544
24598036,370991468544
24604548,370991468544
24612190,370991468544
24619789,370991468544
24626944,370991468544
24633988,370991468544
24641235,370991468544
24648391,371333083136
24656388,371378774016
24665025,371378774016
24671438,371378774016
24677843,371378774016
24685507,371378774016
24692657,371378774016
24699205,371378774016
24705812,371378774016
24712312,370926596096
24721383,370821394432
24730516,370821394432
24738618,370821394432
24747603,370821394432
24756005,370821394432
24763892,370821394432
24771454,370821394432
24780811,370821398528
24787970,370821398528
24794720,370821398528
24801323,370821398528
24809142,370821398528
24816785,370821398528
24824171,370821398528
24831087,370821398528
24837781,370821398528
24844361,370821398528
24852284,370821398528
24859658,370821398528
24867152,370821398528
24875777,370821398528
24882663,370821398528
24889127,370821398528
24895597,370821398528
24902465,370821398528
24909431,370821398528
24916582,370821398528
24922991,370821398528
24929613,370821398528
24936297,370821398528
24942554,370821398528
24951004,370821398528
24958558,370821398528
24965736,370821398528
24973061,370821398528
24981144,370821398528
24987343,370821398528
24995055,370821398528
25002460,370821398528
